word,times_added,times_removed,net_change,absolute_change,survival_fraction
dynasty,2,0,2,2,1.0
host,1,0,1,1,1.0
progress,1,0,1,1,1.0
festivities,2,0,2,2,1.0
da,2,0,2,2,1.0
fleet,2,0,2,2,1.0
single,2,0,2,2,1.0
opposed,1,0,1,1,1.0
thälmann,1,0,1,1,1.0
bulletin,1,0,1,1,1.0
presently,1,0,1,1,1.0
genres,1,0,1,1,1.0
consist,1,0,1,1,1.0
insults,1,0,1,1,1.0
2nd,1,0,1,1,1.0
christoffarime,1,0,1,1,1.0
red,1,0,1,1,1.0
colonialists,1,0,1,1,1.0
content,1,0,1,1,1.0
oct,2,0,2,2,1.0
uaf,2,0,2,2,1.0
emphasize,1,0,1,1,1.0
32,1,0,1,1,1.0
met,1,0,1,1,1.0
silvia,1,0,1,1,1.0
archetypal,1,0,1,1,1.0
event,1,0,1,1,1.0
indegenous,1,0,1,1,1.0
exacerbated,1,0,1,1,1.0
definitive,1,0,1,1,1.0
addition,1,0,1,1,1.0
zaragoza,1,0,1,1,1.0
letras,1,0,1,1,1.0
associated,2,0,2,2,1.0
news,2,0,2,2,1.0
crown,2,0,2,2,1.0
18th,2,0,2,2,1.0
xq1a,1,0,1,1,1.0
cisplatina,1,0,1,1,1.0
um,1,0,1,1,1.0
5609818,1,0,1,1,1.0
transferring,1,0,1,1,1.0
tuning,1,0,1,1,1.0
last1,1,0,1,1,1.0
hispanic,1,0,1,1,1.0
richard,1,0,1,1,1.0
97,1,0,1,1,1.0
urgency,1,0,1,1,1.0
looptt,1,0,1,1,1.0
interval,1,0,1,1,1.0
controversies,1,0,1,1,1.0
silva,2,0,2,2,1.0
greek,2,0,2,2,1.0
books,2,0,2,2,1.0
emperor,1,0,1,1,1.0
1942,1,0,1,1,1.0
paulo,1,0,1,1,1.0
monophonic,1,0,1,1,1.0
googlebookgouda,1,0,1,1,1.0
length,1,0,1,1,1.0
correctness,1,0,1,1,1.0
1584,1,0,1,1,1.0
chávez,1,0,1,1,1.0
liberationnews,1,0,1,1,1.0
shared,1,0,1,1,1.0
fairbankshttps,1,0,1,1,1.0
woman,1,0,1,1,1.0
29,1,0,1,1,1.0
480,1,0,1,1,1.0
ernst,1,0,1,1,1.0
38,1,0,1,1,1.0
álvares,1,0,1,1,1.0
giving,1,0,1,1,1.0
ventures,1,0,1,1,1.0
author,1,0,1,1,1.0
dayof,1,0,1,1,1.0
depends,1,0,1,1,1.0
instrument,1,0,1,1,1.0
altaians,2,0,2,2,1.0
saddam,2,0,2,2,1.0
step,2,0,2,2,1.0
ottomans,1,0,1,1,1.0
proposals,1,0,1,1,1.0
nn6g,1,0,1,1,1.0
first1,1,0,1,1,1.0
tuscan,1,0,1,1,1.0
tyrant,1,0,1,1,1.0
taínos,1,0,1,1,1.0
firearms,1,0,1,1,1.0
finger,1,0,1,1,1.0
separated,1,0,1,1,1.0
resistances,1,0,1,1,1.0
existence,1,0,1,1,1.0
subclades,1,0,1,1,1.0
idea,1,0,1,1,1.0
accountancy,1,0,1,1,1.0
eschew,1,0,1,1,1.0
link1,1,0,1,1,1.0
washingtonhttps,1,0,1,1,1.0
documented,1,0,1,1,1.0
manuel,1,0,1,1,1.0
soldier,1,0,1,1,1.0
foster,1,0,1,1,1.0
mother,1,0,1,1,1.0
dias,1,0,1,1,1.0
plan,1,0,1,1,1.0
included,1,0,1,1,1.0
practically,1,0,1,1,1.0
members,1,0,1,1,1.0
high,1,0,1,1,1.0
suspected,1,0,1,1,1.0
amputated,1,0,1,1,1.0
tiến,1,0,1,1,1.0
come,1,0,1,1,1.0
thanksgivingin,1,0,1,1,1.0
naga,1,0,1,1,1.0
haplogroup,1,0,1,1,1.0
nationalism,1,0,1,1,1.0
dal,1,0,1,1,1.0
dynastic,1,0,1,1,1.0
florentine,1,0,1,1,1.0
lobbying,1,0,1,1,1.0
music,1,0,1,1,1.0
sahib,1,0,1,1,1.0
pullman,1,0,1,1,1.0
23,1,0,1,1,1.0
decreasing,1,0,1,1,1.0
1750,1,0,1,1,1.0
islamic,1,0,1,1,1.0
vectors,1,0,1,1,1.0
01,1,0,1,1,1.0
treaties,1,0,1,1,1.0
metropolis,1,0,1,1,1.0
records,1,0,1,1,1.0
nos,1,0,1,1,1.0
corresponded,1,0,1,1,1.0
way,1,0,1,1,1.0
82,1,0,1,1,1.0
equinox,1,0,1,1,1.0
xr1a,1,0,1,1,1.0
flutes,1,0,1,1,1.0
slang,1,0,1,1,1.0
são,1,0,1,1,1.0
demythologizing,1,0,1,1,1.0
feasibility,1,0,1,1,1.0
credited,1,0,1,1,1.0
finally,1,0,1,1,1.0
brasil,1,0,1,1,1.0
germany,1,0,1,1,1.0
caetera,1,0,1,1,1.0
significantly,1,0,1,1,1.0
shores,1,0,1,1,1.0
castille,1,0,1,1,1.0
das,1,0,1,1,1.0
epidemic,1,0,1,1,1.0
possessed,1,0,1,1,1.0
qamutik,1,0,1,1,1.0
observed,1,0,1,1,1.0
bosma,1,0,1,1,1.0
hand,1,0,1,1,1.0
characteristics,1,0,1,1,1.0
previous,1,0,1,1,1.0
robin,1,0,1,1,1.0
newsok,1,0,1,1,1.0
contributing,1,0,1,1,1.0
hypothesized,1,0,1,1,1.0
ended,1,0,1,1,1.0
stringed,1,0,1,1,1.0
occurred,1,0,1,1,1.0
68,1,0,1,1,1.0
brazilians,1,0,1,1,1.0
xinjiang,1,0,1,1,1.0
role,1,0,1,1,1.0
necessity,1,0,1,1,1.0
companhia,1,0,1,1,1.0
dayon,1,0,1,1,1.0
likely,1,0,1,1,1.0
holes,1,0,1,1,1.0
37,1,0,1,1,1.0
genetic,1,0,1,1,1.0
cómbo,1,0,1,1,1.0
95,1,0,1,1,1.0
consists,1,0,1,1,1.0
enrolled,1,0,1,1,1.0
223,1,0,1,1,1.0
holmes,1,0,1,1,1.0
warring,1,0,1,1,1.0
reclaiming,1,0,1,1,1.0
ancestry,1,0,1,1,1.0
moritz,1,0,1,1,1.0
communities,1,0,1,1,1.0
toppled,1,0,1,1,1.0
hammarskjöld,1,0,1,1,1.0
twice,1,0,1,1,1.0
portraits,1,0,1,1,1.0
paternal,1,0,1,1,1.0
aporrea,1,0,1,1,1.0
ideas,1,0,1,1,1.0
reforms,1,0,1,1,1.0
snail,1,0,1,1,1.0
1936,1,0,1,1,1.0
mitochondrial,1,0,1,1,1.0
wouldn,1,0,1,1,1.0
barbaric,1,0,1,1,1.0
jorge,1,0,1,1,1.0
rewards,1,0,1,1,1.0
1900,1,0,1,1,1.0
article,1,0,1,1,1.0
printers,1,0,1,1,1.0
blooded,1,0,1,1,1.0
republics,1,0,1,1,1.0
belong,1,0,1,1,1.0
colomboor,1,0,1,1,1.0
gene,1,0,1,1,1.0
honolulu,1,0,1,1,1.0
player,1,0,1,1,1.0
domestication,1,0,1,1,1.0
mn,1,0,1,1,1.0
massachusettssomerville,1,0,1,1,1.0
descobrimento,1,0,1,1,1.0
incas,1,0,1,1,1.0
epidemiology,1,0,1,1,1.0
originally,1,0,1,1,1.0
namibia,1,0,1,1,1.0
bull,1,0,1,1,1.0
importation,1,0,1,1,1.0
possibly,1,0,1,1,1.0
lmk_dec,1,0,1,1,1.0
korean,1,0,1,1,1.0
unique,1,0,1,1,1.0
marked,1,0,1,1,1.0
barbas,1,0,1,1,1.0
μητρόπολις,1,0,1,1,1.0
québec,1,0,1,1,1.0
build,1,0,1,1,1.0
promotion,1,0,1,1,1.0
slaves,3,0,3,3,1.0
375,1,0,1,1,1.0
acquire,1,0,1,1,1.0
inseparable,1,0,1,1,1.0
apart,1,0,1,1,1.0
papal,1,0,1,1,1.0
nubia,1,0,1,1,1.0
anthropology,1,0,1,1,1.0
caracas,1,0,1,1,1.0
raben,1,0,1,1,1.0
tt,1,0,1,1,1.0
1474journal,1,0,1,1,1.0
june,1,0,1,1,1.0
pro,1,0,1,1,1.0
creolisation,1,0,1,1,1.0
ages,1,0,1,1,1.0
monarca,1,0,1,1,1.0
lineages,1,0,1,1,1.0
luciano,1,0,1,1,1.0
imperador,1,0,1,1,1.0
surrounded,1,0,1,1,1.0
broad,1,0,1,1,1.0
qing,1,0,1,1,1.0
dna,1,0,1,1,1.0
nam,1,0,1,1,1.0
residents,1,0,1,1,1.0
lilia,1,0,1,1,1.0
tobagohttp,1,0,1,1,1.0
seafaring,1,0,1,1,1.0
populationsouth,1,0,1,1,1.0
affect,1,0,1,1,1.0
mary,1,0,1,1,1.0
le,1,0,1,1,1.0
pedro,3,0,3,3,1.0
depicts,1,0,1,1,1.0
mestizos,1,0,1,1,1.0
botswanabotswana,1,0,1,1,1.0
nineteen,1,0,1,1,1.0
recorded,1,0,1,1,1.0
welcome,1,0,1,1,1.0
tezenlo,1,0,1,1,1.0
poor,1,0,1,1,1.0
factors,1,0,1,1,1.0
leadership,1,0,1,1,1.0
diverse,1,0,1,1,1.0
newsday,1,0,1,1,1.0
paolo,1,0,1,1,1.0
certainly,1,0,1,1,1.0
edu,1,0,1,1,1.0
135,1,0,1,1,1.0
hussein,1,0,1,1,1.0
adapted,1,0,1,1,1.0
say,1,0,1,1,1.0
trumpet,1,0,1,1,1.0
famous,1,0,1,1,1.0
risks,1,0,1,1,1.0
kalinago,1,0,1,1,1.0
banking,1,0,1,1,1.0
1136245220,1,0,1,1,1.0
suggestion,1,0,1,1,1.0
exceptions,1,0,1,1,1.0
southward,1,0,1,1,1.0
nus,1,0,1,1,1.0
instituted,1,0,1,1,1.0
adamski,1,0,1,1,1.0
thong,1,0,1,1,1.0
pentatonic,1,0,1,1,1.0
oklahomahttps,1,0,1,1,1.0
mediterranean,1,0,1,1,1.0
11th,1,0,1,1,1.0
defects,1,0,1,1,1.0
12th,1,0,1,1,1.0
elected,1,0,1,1,1.0
protests,1,0,1,1,1.0
reported,1,0,1,1,1.0
tordesillas,1,0,1,1,1.0
dag,1,0,1,1,1.0
pozzo,1,0,1,1,1.0
vietnamese,1,0,1,1,1.0
chromosome,1,0,1,1,1.0
speaking,1,0,1,1,1.0
translate,1,0,1,1,1.0
picked,1,0,1,1,1.0
aboriginal,1,0,1,1,1.0
trópicos,1,0,1,1,1.0
precise,1,0,1,1,1.0
frances,1,0,1,1,1.0
toppling,1,0,1,1,1.0
joseon,1,0,1,1,1.0
auspices,1,0,1,1,1.0
nieto,1,0,1,1,1.0
cristòffa,1,0,1,1,1.0
immunities,1,0,1,1,1.0
actual,1,0,1,1,1.0
flute,1,0,1,1,1.0
defended,1,0,1,1,1.0
cabral,2,0,2,2,1.0
identity,2,0,2,2,1.0
entirely,2,0,2,2,1.0
translator1,2,0,2,2,1.0
1814,1,0,1,1,1.0
lost,1,0,1,1,1.0
citizenry,1,0,1,1,1.0
phoenecians,1,0,1,1,1.0
astronomer,1,0,1,1,1.0
recognizes,1,0,1,1,1.0
absorbed,1,0,1,1,1.0
forgiven,1,0,1,1,1.0
m45,1,0,1,1,1.0
culturess,1,0,1,1,1.0
schwarcz,1,0,1,1,1.0
offensive,1,0,1,1,1.0
rapidly,1,0,1,1,1.0
137,23,0,23,23,1.0
carib,4,1,3,5,0.75
conflicts,3,1,2,4,0.6666666666666666
baghdad,3,1,2,4,0.6666666666666666
amerindians,3,1,2,4,0.6666666666666666
centuries,3,1,2,4,0.6666666666666666
home,3,1,2,4,0.6666666666666666
2012,3,1,2,4,0.6666666666666666
miles,3,1,2,4,0.6666666666666666
1500,3,1,2,4,0.6666666666666666
1998,3,1,2,4,0.6666666666666666
common,3,1,2,4,0.6666666666666666
empires,8,3,5,11,0.625
brazil,13,5,8,18,0.6153846153846154
groups,17,7,10,24,0.5882352941176471
territory,7,3,4,10,0.5714285714285714
decline,2,1,1,3,0.5
indies,4,2,2,6,0.5
expansion,4,2,2,6,0.5
led,4,2,2,6,0.5
2004,4,2,2,6,0.5
22,4,2,2,6,0.5
favored,4,2,2,6,0.5
09,2,1,1,3,0.5
monument,2,1,1,3,0.5
lebanon,2,1,1,3,0.5
peninsula,2,1,1,3,0.5
influence,2,1,1,3,0.5
claimed,2,1,1,3,0.5
il,2,1,1,3,0.5
1914,4,2,2,6,0.5
behavior,2,1,1,3,0.5
legalize,2,1,1,3,0.5
google,2,1,1,3,0.5
163,2,1,1,3,0.5
15,2,1,1,3,0.5
begun,2,1,1,3,0.5
sense,2,1,1,3,0.5
edirne,2,1,1,3,0.5
continent,2,1,1,3,0.5
categorize,2,1,1,3,0.5
catholic,2,1,1,3,0.5
45,2,1,1,3,0.5
tribes,2,1,1,3,0.5
standardized,2,1,1,3,0.5
tribal,2,1,1,3,0.5
hejaz,2,1,1,3,0.5
symbolization,2,1,1,3,0.5
recognize,2,1,1,3,0.5
instances,2,1,1,3,0.5
civilized,2,1,1,3,0.5
modeled,2,1,1,3,0.5
ha,2,1,1,3,0.5
2000,2,1,1,3,0.5
landing,2,1,1,3,0.5
organization,4,2,2,6,0.5
legitimizing,4,2,2,6,0.5
sexualizing,2,1,1,3,0.5
refute,2,1,1,3,0.5
harbor,2,1,1,3,0.5
id,2,1,1,3,0.5
end,2,1,1,3,0.5
intended,2,1,1,3,0.5
individual,2,1,1,3,0.5
metropole,2,1,1,3,0.5
totaled,2,1,1,3,0.5
700,2,1,1,3,0.5
colonia,2,1,1,3,0.5
legitimized,2,1,1,3,0.5
belgrade,2,1,1,3,0.5
decolonization,14,7,7,21,0.5
bridge,2,1,1,3,0.5
turkish,2,1,1,3,0.5
commercial,2,1,1,3,0.5
vilayet,2,1,1,3,0.5
analysis,2,1,1,3,0.5
turned,2,1,1,3,0.5
recent,2,1,1,3,0.5
basra,2,1,1,3,0.5
men,2,1,1,3,0.5
germs,2,1,1,3,0.5
brazilian,2,1,1,3,0.5
venezuelan,2,1,1,3,0.5
civilize,2,1,1,3,0.5
colonist,2,1,1,3,0.5
industrialization,2,1,1,3,0.5
monarchs,2,1,1,3,0.5
1800,2,1,1,3,0.5
polity,2,1,1,3,0.5
refers,2,1,1,3,0.5
organize,2,1,1,3,0.5
publisher,2,1,1,3,0.5
discoverers,2,1,1,3,0.5
inter,2,1,1,3,0.5
marginalization,2,1,1,3,0.5
chapter,2,1,1,3,0.5
comes,2,1,1,3,0.5
town,2,1,1,3,0.5
revolution,2,1,1,3,0.5
emphasized,2,1,1,3,0.5
nejd,2,1,1,3,0.5
close,2,1,1,3,0.5
half,2,1,1,3,0.5
achieved,2,1,1,3,0.5
follows,2,1,1,3,0.5
bbc,2,1,1,3,0.5
yemen,2,1,1,3,0.5
biased,2,1,1,3,0.5
wood,2,1,1,3,0.5
memorial,2,1,1,3,0.5
civilization,14,8,6,22,0.42857142857142855
km,7,4,3,11,0.42857142857142855
ethnic,17,10,7,27,0.4117647058823529
colonizers,30,18,12,48,0.4
imperial,5,3,2,8,0.4
dominica,5,3,2,8,0.4
neighboring,5,3,2,8,0.4
characterized,5,3,2,8,0.4
concept,5,3,2,8,0.4
early,5,3,2,8,0.4
majority,5,3,2,8,0.4
colonizing,16,10,6,26,0.375
arrival,8,5,3,13,0.375
civilizations,22,14,8,36,0.36363636363636365
colonized,22,14,8,36,0.36363636363636365
viable,3,2,1,5,0.3333333333333333
saw,3,2,1,5,0.3333333333333333
imposed,3,2,1,5,0.3333333333333333
guiana,3,2,1,5,0.3333333333333333
argue,3,2,1,5,0.3333333333333333
slave,3,2,1,5,0.3333333333333333
300,3,2,1,5,0.3333333333333333
spread,3,2,1,5,0.3333333333333333
modernization,6,4,2,10,0.3333333333333333
syria,6,4,2,10,0.3333333333333333
genocide,6,4,2,10,0.3333333333333333
celebrate,6,4,2,10,0.3333333333333333
old,3,2,1,5,0.3333333333333333
current,3,2,1,5,0.3333333333333333
minority,3,2,1,5,0.3333333333333333
noting,3,2,1,5,0.3333333333333333
guyana,3,2,1,5,0.3333333333333333
german,3,2,1,5,0.3333333333333333
developed,3,2,1,5,0.3333333333333333
19th,3,2,1,5,0.3333333333333333
dehumanize,3,2,1,5,0.3333333333333333
historians,3,2,1,5,0.3333333333333333
smallpox,3,2,1,5,0.3333333333333333
include,3,2,1,5,0.3333333333333333
positive,3,2,1,5,0.3333333333333333
long,3,2,1,5,0.3333333333333333
migration,3,2,1,5,0.3333333333333333
proclaimed,3,2,1,5,0.3333333333333333
center,6,4,2,10,0.3333333333333333
giornata,3,2,1,5,0.3333333333333333
eurocentric,3,2,1,5,0.3333333333333333
research,3,2,1,5,0.3333333333333333
portugal,3,2,1,5,0.3333333333333333
armies,3,2,1,5,0.3333333333333333
cuba,10,7,3,17,0.3
various,7,5,2,12,0.2857142857142857
military,7,5,2,12,0.2857142857142857
israel,4,3,1,7,0.25
di,4,3,1,7,0.25
cia,4,3,1,7,0.25
thought,4,3,1,7,0.25
religious,4,3,1,7,0.25
20,4,3,1,7,0.25
estimated,4,3,1,7,0.25
officially,4,3,1,7,0.25
fell,4,3,1,7,0.25
palestine,4,3,1,7,0.25
93,4,3,1,7,0.25
process,4,3,1,7,0.25
john,4,3,1,7,0.25
word,4,3,1,7,0.25
200,4,3,1,7,0.25
foreign,4,3,1,7,0.25
com,8,6,2,14,0.25
cristoforo,4,3,1,7,0.25
13,4,3,1,7,0.25
80,4,3,1,7,0.25
factbook,4,3,1,7,0.25
regarded,4,3,1,7,0.25
notable,4,3,1,7,0.25
mass,4,3,1,7,0.25
colonize,8,6,2,14,0.25
500,8,6,2,14,0.25
map,8,6,2,14,0.25
category,13,10,3,23,0.23076923076923078
ii,9,7,2,16,0.2222222222222222
right,9,7,2,16,0.2222222222222222
native,32,25,7,57,0.21875
colonization,74,58,16,132,0.21621621621621623
algeria,5,4,1,9,0.2
opening,5,4,1,9,0.2
maintain,5,4,1,9,0.2
theory,5,4,1,9,0.2
theories,5,4,1,9,0.2
present,5,4,1,9,0.2
second,5,4,1,9,0.2
opportunities,5,4,1,9,0.2
culture,5,4,1,9,0.2
bahamas,5,4,1,9,0.2
2008,5,4,1,9,0.2
settlers,5,4,1,9,0.2
serbia,5,4,1,9,0.2
prior,5,4,1,9,0.2
city,5,4,1,9,0.2
disease,5,4,1,9,0.2
70,5,4,1,9,0.2
largely,5,4,1,9,0.2
used,10,8,2,18,0.2
millions,5,4,1,9,0.2
europeans,21,17,4,38,0.19047619047619047
late,6,5,1,11,0.16666666666666666
statue,6,5,1,11,0.16666666666666666
natives,6,5,1,11,0.16666666666666666
alaska,6,5,1,11,0.16666666666666666
northern,6,5,1,11,0.16666666666666666
celebrates,6,5,1,11,0.16666666666666666
scholars,6,5,1,11,0.16666666666666666
world,32,27,5,59,0.15625
october,13,11,2,24,0.15384615384615385
spaniards,7,6,1,13,0.14285714285714285
introduced,7,6,1,13,0.14285714285714285
pre,7,6,1,13,0.14285714285714285
african,7,6,1,13,0.14285714285714285
columbian,8,7,1,15,0.125
route,8,7,1,15,0.125
americans,17,15,2,32,0.11764705882352941
continents,9,8,1,17,0.1111111111111111
indians,9,8,1,17,0.1111111111111111
contact,10,9,1,19,0.1
country,10,9,1,19,0.1
known,12,11,1,23,0.08333333333333333
12,14,13,1,27,0.07142857142857142
explorer,14,13,1,27,0.07142857142857142
000,65,62,3,127,0.046153846153846156
colonial,24,23,1,47,0.041666666666666664
ottoman,62,60,2,122,0.03225806451612903
churches,0,1,-1,1,0.0
1763,0,1,-1,1,0.0
sponsored,0,1,-1,1,0.0
22in,1,1,0,2,0.0
1093,0,1,-1,1,0.0
25,0,1,-1,1,0.0
1775,0,1,-1,1,0.0
originarios,0,2,-2,2,0.0
caucasians,1,1,0,2,0.0
brutality,0,1,-1,1,0.0
lake,0,1,-1,1,0.0
1961,1,1,0,2,0.0
1618,1,1,0,2,0.0
rival,0,1,-1,1,0.0
place,6,6,0,12,0.0
man,1,1,0,2,0.0
godfrey,1,1,0,2,0.0
palmyra,1,1,0,2,0.0
charles,0,2,-2,2,0.0
onepage,1,1,0,2,0.0
modernisation,6,6,0,12,0.0
exploited,1,1,0,2,0.0
frequently,1,1,0,2,0.0
mayan,1,1,0,2,0.0
committed,1,1,0,2,0.0
personhood,1,1,0,2,0.0
netherlands,1,1,0,2,0.0
make,1,1,0,2,0.0
momom,1,1,0,2,0.0
vasconcelos,0,1,-1,1,0.0
integral,1,1,0,2,0.0
kirchner,1,1,0,2,0.0
1966,0,1,-1,1,0.0
vladimir,1,1,0,2,0.0
book,0,1,-1,1,0.0
oli,1,1,0,2,0.0
engaged,1,1,0,2,0.0
varilla,1,1,0,2,0.0
italianss,1,1,0,2,0.0
140,0,1,-1,1,0.0
display,0,1,-1,1,0.0
chinese,1,1,0,2,0.0
yall,1,1,0,2,0.0
amerians,1,1,0,2,0.0
actions,1,1,0,2,0.0
genocidal,1,1,0,2,0.0
gilio,1,1,0,2,0.0
obscure,1,1,0,2,0.0
falola,1,1,0,2,0.0
misiones,1,1,0,2,0.0
iloveancestry,1,1,0,2,0.0
austin,1,1,0,2,0.0
numerous,1,1,0,2,0.0
using,6,6,0,12,0.0
rica,6,6,0,12,0.0
resistencia,1,1,0,2,0.0
rico,6,6,0,12,0.0
period,6,6,0,12,0.0
puerto,6,6,0,12,0.0
philippines,1,1,0,2,0.0
italys,1,1,0,2,0.0
creation,1,1,0,2,0.0
bc,1,1,0,2,0.0
project,1,1,0,2,0.0
ve,1,1,0,2,0.0
panamá,1,1,0,2,0.0
britain,1,1,0,2,0.0
campaign,1,1,0,2,0.0
chesley,1,1,0,2,0.0
panama,6,6,0,12,0.0
aux,6,6,0,12,0.0
oppressed,1,1,0,2,0.0
andenes,1,1,0,2,0.0
pene,1,1,0,2,0.0
hernando,1,1,0,2,0.0
seattle,1,1,0,2,0.0
lacked,1,1,0,2,0.0
dios,1,1,0,2,0.0
problems,1,1,0,2,0.0
washingtion,1,1,0,2,0.0
instance,1,1,0,2,0.0
approx,1,1,0,2,0.0
secluded,1,1,0,2,0.0
maintaining,1,1,0,2,0.0
pg,1,1,0,2,0.0
wilson,1,1,0,2,0.0
celebratory,1,1,0,2,0.0
virgen,1,1,0,2,0.0
5000,1,1,0,2,0.0
meadows,6,6,0,12,0.0
anse,6,6,0,12,0.0
arabia,6,6,0,12,0.0
systematic,6,6,0,12,0.0
calendar,6,6,0,12,0.0
costa,6,6,0,12,0.0
antarctic,1,1,0,2,0.0
fe,1,1,0,2,0.0
suc,1,1,0,2,0.0
álvar,1,1,0,2,0.0
coast,7,7,0,14,0.0
plank,1,1,0,2,0.0
maniac,1,1,0,2,0.0
guaraní,1,1,0,2,0.0
1589,1,1,0,2,0.0
caste,1,1,0,2,0.0
considered,1,1,0,2,0.0
egyptian,1,1,0,2,0.0
managed,0,1,-1,1,0.0
generations,0,2,-2,2,0.0
suggested,0,2,-2,2,0.0
rdz017mattingly,0,1,-1,1,0.0
jose,0,1,-1,1,0.0
cibao,0,1,-1,1,0.0
dead,1,1,0,2,0.0
1873,0,1,-1,1,0.0
leader,0,3,-3,3,0.0
iceland,0,1,-1,1,0.0
swift,0,1,-1,1,0.0
language,0,1,-1,1,0.0
fiddles,0,1,-1,1,0.0
cook,0,1,-1,1,0.0
preeminent,0,1,-1,1,0.0
note,0,1,-1,1,0.0
firsttime,1,1,0,2,0.0
rea,1,1,0,2,0.0
swept,1,1,0,2,0.0
comacina,1,1,0,2,0.0
anglo,1,1,0,2,0.0
office,0,1,-1,1,0.0
siberia,0,1,-1,1,0.0
dobyns,0,1,-1,1,0.0
kauai,0,1,-1,1,0.0
seventh,0,1,-1,1,0.0
son,0,1,-1,1,0.0
diplomatic,0,1,-1,1,0.0
stock,0,1,-1,1,0.0
large,8,8,0,16,0.0
evidence,8,8,0,16,0.0
populations,8,8,0,16,0.0
required,1,1,0,2,0.0
cons,1,1,0,2,0.0
sucksta,1,1,0,2,0.0
annual,1,1,0,2,0.0
dutch,7,7,0,14,0.0
mississippi,1,1,0,2,0.0
producing,1,1,0,2,0.0
universalise,1,1,0,2,0.0
colorado,1,1,0,2,0.0
owners,1,1,0,2,0.0
sizable,1,1,0,2,0.0
persia,1,1,0,2,0.0
lifestyl,1,1,0,2,0.0
wretched,1,1,0,2,0.0
andahu,1,1,0,2,0.0
disorientation,1,1,0,2,0.0
matambú,1,1,0,2,0.0
409,1,1,0,2,0.0
different,1,1,0,2,0.0
landed,7,7,0,14,0.0
godzilla,1,1,0,2,0.0
southern,7,7,0,14,0.0
headed,7,7,0,14,0.0
called,7,7,0,14,0.0
war,7,7,0,14,0.0
oceanic,6,6,0,12,0.0
latin,6,6,0,12,0.0
nfjsndjlfndskjlgnjlfdkgnjlkfngjkdfngjkfdngkjfngjv,1,1,0,2,0.0
vaca,1,1,0,2,0.0
1080,1,1,0,2,0.0
wounded,1,1,0,2,0.0
gouda,1,1,0,2,0.0
capitalizing,1,1,0,2,0.0
image_size,1,1,0,2,0.0
outrage,1,1,0,2,0.0
tomás,1,1,0,2,0.0
usa,1,1,0,2,0.0
mujeres,1,1,0,2,0.0
images,1,1,0,2,0.0
isbn,1,1,0,2,0.0
require,1,1,0,2,0.0
dsjvdsjvndsjvdssdjvndsjvndsjvndsvjndsjvdt,1,1,0,2,0.0
guaymí,1,1,0,2,0.0
discovered,7,7,0,14,0.0
varying,1,1,0,2,0.0
canal,1,1,0,2,0.0
stretches,1,1,0,2,0.0
austrian,1,1,0,2,0.0
tacoma,1,1,0,2,0.0
brink,1,1,0,2,0.0
northeast,1,1,0,2,0.0
ieas,1,1,0,2,0.0
peruvian,1,1,0,2,0.0
woah,1,1,0,2,0.0
1840s,1,1,0,2,0.0
massachusetts,1,1,0,2,0.0
martin,1,1,0,2,0.0
displacing,1,1,0,2,0.0
aimed,1,1,0,2,0.0
denver,1,1,0,2,0.0
blackness,1,1,0,2,0.0
fabrics,1,1,0,2,0.0
sourthern,1,1,0,2,0.0
poppķookkkommn,1,1,0,2,0.0
region,1,1,0,2,0.0
nowiki,1,1,0,2,0.0
hope,1,1,0,2,0.0
apache,1,1,0,2,0.0
respective,1,1,0,2,0.0
fernández,1,1,0,2,0.0
3foutputtype,1,1,0,2,0.0
despite,1,1,0,2,0.0
bloody,1,1,0,2,0.0
respect,1,1,0,2,0.0
occupying,1,1,0,2,0.0
complete,1,1,0,2,0.0
sports,1,1,0,2,0.0
harrison,1,1,0,2,0.0
fall,1,1,0,2,0.0
advance,1,1,0,2,0.0
pula,1,1,0,2,0.0
babylon,1,1,0,2,0.0
1474,0,1,-1,1,0.0
adjusted,0,1,-1,1,0.0
undergo,0,1,-1,1,0.0
1843,0,1,-1,1,0.0
brass,0,1,-1,1,0.0
smaller,0,1,-1,1,0.0
commonalities,0,1,-1,1,0.0
mothers,0,1,-1,1,0.0
maritime,1,1,0,2,0.0
meet,1,1,0,2,0.0
personnel,1,1,0,2,0.0
blowup,1,1,0,2,0.0
finding,1,1,0,2,0.0
episodes,1,1,0,2,0.0
approved,1,1,0,2,0.0
ruler,1,1,0,2,0.0
page_scan_tab_contentsglenn,1,1,0,2,0.0
masters,1,1,0,2,0.0
didnt,1,1,0,2,0.0
hay,1,1,0,2,0.0
november,1,1,0,2,0.0
logic,1,1,0,2,0.0
wi,1,1,0,2,0.0
025,1,1,0,2,0.0
theoryies,1,1,0,2,0.0
speakers,1,1,0,2,0.0
scarce,1,1,0,2,0.0
violent,1,1,0,2,0.0
betw,1,1,0,2,0.0
festa,1,1,0,2,0.0
africans,1,1,0,2,0.0
heroism,1,1,0,2,0.0
14,1,1,0,2,0.0
pathumb,1,1,0,2,0.0
technologic,1,1,0,2,0.0
psychological,1,1,0,2,0.0
respeto,1,1,0,2,0.0
boat,1,1,0,2,0.0
typhus,1,1,0,2,0.0
elimination,1,1,0,2,0.0
racist,1,1,0,2,0.0
1937,1,1,0,2,0.0
july,5,5,0,10,0.0
april,5,5,0,10,0.0
afro,0,1,-1,1,0.0
search,5,5,0,10,0.0
failed,1,1,0,2,0.0
pizarro,1,1,0,2,0.0
exclusively,1,1,0,2,0.0
governments,1,1,0,2,0.0
celebrations,1,1,0,2,0.0
colobus,1,1,0,2,0.0
siamese,0,1,-1,1,0.0
cloud,0,1,-1,1,0.0
difficulty,0,1,-1,1,0.0
august,0,1,-1,1,0.0
1818,0,2,-2,2,0.0
millenialist,0,1,-1,1,0.0
sons,0,1,-1,1,0.0
oop,5,5,0,10,0.0
brunei,1,1,0,2,0.0
sate,1,1,0,2,0.0
nnched,1,1,0,2,0.0
sanitation,0,1,-1,1,0.0
davidmontgomery,0,1,-1,1,0.0
troféus,0,1,-1,1,0.0
americasbahamas,0,1,-1,1,0.0
bell,0,1,-1,1,0.0
intentional,0,1,-1,1,0.0
suitable,0,1,-1,1,0.0
forms,0,1,-1,1,0.0
anne,0,1,-1,1,0.0
atacama,0,3,-3,3,0.0
4th,0,1,-1,1,0.0
longer,1,1,0,2,0.0
strategically,0,1,-1,1,0.0
tracing,0,1,-1,1,0.0
entering,0,1,-1,1,0.0
relations,0,2,-2,2,0.0
interests,4,4,0,8,0.0
princeton,4,4,0,8,0.0
gregorian,4,4,0,8,0.0
migrated,4,4,0,8,0.0
describes,4,4,0,8,0.0
study,1,1,0,2,0.0
famine,1,1,0,2,0.0
lorenzo,1,1,0,2,0.0
combat,1,1,0,2,0.0
aquired,1,1,0,2,0.0
noble,0,1,-1,1,0.0
mole,1,1,0,2,0.0
devastation,1,1,0,2,0.0
papaya,1,1,0,2,0.0
era,1,1,0,2,0.0
waged,1,1,0,2,0.0
indigena,1,1,0,2,0.0
framing,1,1,0,2,0.0
collective,1,1,0,2,0.0
explorers,1,1,0,2,0.0
hu,1,1,0,2,0.0
pedagogies,1,1,0,2,0.0
92,1,1,0,2,0.0
517284,1,1,0,2,0.0
said,1,1,0,2,0.0
iron,1,1,0,2,0.0
government,5,5,0,10,0.0
independence,5,5,0,10,0.0
establishment,4,4,0,8,0.0
experiences,4,4,0,8,0.0
extracting,1,1,0,2,0.0
pilar,1,1,0,2,0.0
7th,1,1,0,2,0.0
spreading,1,1,0,2,0.0
extinct,1,1,0,2,0.0
ship,1,1,0,2,0.0
216,1,1,0,2,0.0
subject,1,1,0,2,0.0
dq,1,1,0,2,0.0
demythologising,1,1,0,2,0.0
mission,1,1,0,2,0.0
1828,1,1,0,2,0.0
virginia,0,2,-2,2,0.0
depending,0,1,-1,1,0.0
1415,0,2,-2,2,0.0
sikkim,0,1,-1,1,0.0
writers,0,1,-1,1,0.0
hemisphere,0,1,-1,1,0.0
fully,0,1,-1,1,0.0
communicable,0,1,-1,1,0.0
alexandria,0,1,-1,1,0.0
habitable,0,1,-1,1,0.0
história,0,1,-1,1,0.0
precipitating,0,1,-1,1,0.0
scientists,0,1,-1,1,0.0
reséndez,0,1,-1,1,0.0
controls,1,1,0,2,0.0
left,5,5,0,10,0.0
masks,1,1,0,2,0.0
mamdani,1,1,0,2,0.0
practicesmignolo,1,1,0,2,0.0
americass,1,1,0,2,0.0
explain,1,1,0,2,0.0
mytbs,1,1,0,2,0.0
ninos,1,1,0,2,0.0
unideb,1,1,0,2,0.0
sunga,1,1,0,2,0.0
didn,1,1,0,2,0.0
destroying,1,1,0,2,0.0
heartlands,1,1,0,2,0.0
pluricontinental,1,1,0,2,0.0
self,5,5,0,10,0.0
duration,1,1,0,2,0.0
vázquez,1,1,0,2,0.0
56,1,1,0,2,0.0
poverty,1,1,0,2,0.0
admin,1,1,0,2,0.0
nauru,1,1,0,2,0.0
cabeza,1,1,0,2,0.0
hamburger,1,1,0,2,0.0
significance,1,1,0,2,0.0
writingpablo,1,1,0,2,0.0
catastrophe,0,2,-2,2,0.0
coinciding,1,1,0,2,0.0
invaded,1,1,0,2,0.0
museum,1,1,0,2,0.0
belief,0,1,-1,1,0.0
hungarian,1,1,0,2,0.0
civilizing,1,1,0,2,0.0
rapist,1,1,0,2,0.0
spectrum,1,1,0,2,0.0
rex,1,1,0,2,0.0
chesse,1,1,0,2,0.0
amerigo,1,1,0,2,0.0
1920,1,1,0,2,0.0
450,1,1,0,2,0.0
linguistic,1,1,0,2,0.0
pursuing,1,1,0,2,0.0
nationalist,1,1,0,2,0.0
cutmore,1,1,0,2,0.0
morocco,1,1,0,2,0.0
inspired,0,1,-1,1,0.0
title,1,1,0,2,0.0
pueblos,0,2,-2,2,0.0
cerrito,0,1,-1,1,0.0
pay,0,2,-2,2,0.0
routes,0,2,-2,2,0.0
inherited,0,3,-3,3,0.0
erected,0,1,-1,1,0.0
haiti,0,1,-1,1,0.0
comparison,0,1,-1,1,0.0
applied,0,1,-1,1,0.0
sculptor,0,1,-1,1,0.0
etymologically,0,1,-1,1,0.0
speculate,0,1,-1,1,0.0
puna,0,3,-3,3,0.0
chucky,1,1,0,2,0.0
270px,1,1,0,2,0.0
aymara,1,1,0,2,0.0
vafanculo,1,1,0,2,0.0
proving,1,1,0,2,0.0
rivalry,1,1,0,2,0.0
materials,1,1,0,2,0.0
thats,1,1,0,2,0.0
advocated,1,1,0,2,0.0
ghost,1,1,0,2,0.0
rape,1,1,0,2,0.0
natural,1,1,0,2,0.0
absence,1,1,0,2,0.0
march,1,1,0,2,0.0
ortiz,1,1,0,2,0.0
ps,1,1,0,2,0.0
geography,1,1,0,2,0.0
saint,6,6,0,12,0.0
practices,5,5,0,10,0.0
arrived,1,1,0,2,0.0
production,1,1,0,2,0.0
mica,1,1,0,2,0.0
brought,1,1,0,2,0.0
discourses,1,1,0,2,0.0
terror,1,1,0,2,0.0
mathias,1,1,0,2,0.0
farther,1,1,0,2,0.0
talamanca,1,1,0,2,0.0
misconception,1,1,0,2,0.0
alt,1,1,0,2,0.0
cincinnati,1,1,0,2,0.0
longitudinal,0,1,-1,1,0.0
main,1,1,0,2,0.0
real,1,1,0,2,0.0
mcdonald,1,1,0,2,0.0
zone,1,1,0,2,0.0
booooooooooooooooooooooooo,1,1,0,2,0.0
observanceyuui,1,1,0,2,0.0
base,1,1,0,2,0.0
18,1,1,0,2,0.0
houghton,1,1,0,2,0.0
feast,1,1,0,2,0.0
advanced,1,1,0,2,0.0
aylillas,1,1,0,2,0.0
patron,1,1,0,2,0.0
paraguayan,0,1,-1,1,0.0
dominican,0,1,-1,1,0.0
decades,1,1,0,2,0.0
struggle,0,1,-1,1,0.0
briefly,0,1,-1,1,0.0
orange,0,1,-1,1,0.0
imposing,0,1,-1,1,0.0
revista,0,1,-1,1,0.0
rest,0,1,-1,1,0.0
corpus,0,1,-1,1,0.0
palgrave,0,2,-2,2,0.0
absurd,0,1,-1,1,0.0
surviving,0,1,-1,1,0.0
434,0,1,-1,1,0.0
rdz017,0,1,-1,1,0.0
globe,0,2,-2,2,0.0
jean,0,1,-1,1,0.0
actively,0,1,-1,1,0.0
decorated,0,1,-1,1,0.0
recognizing,0,1,-1,1,0.0
galleons,0,1,-1,1,0.0
maud,0,1,-1,1,0.0
plinth,0,3,-3,3,0.0
authors,0,2,-2,2,0.0
136,0,1,-1,1,0.0
profile,0,2,-2,2,0.0
1817,0,1,-1,1,0.0
budding,0,1,-1,1,0.0
vi,0,2,-2,2,0.0
qatar,0,1,-1,1,0.0
charlottesville,0,1,-1,1,0.0
beginning,0,1,-1,1,0.0
meaning,0,1,-1,1,0.0
84,0,1,-1,1,0.0
larger,0,1,-1,1,0.0
effort,0,1,-1,1,0.0
este,0,1,-1,1,0.0
numbered,0,1,-1,1,0.0
estimates,0,1,-1,1,0.0
incident,0,1,-1,1,0.0
forced,0,6,-6,6,0.0
columbists,0,1,-1,1,0.0
tomo,0,1,-1,1,0.0
gone,0,1,-1,1,0.0
receive,0,1,-1,1,0.0
effect,0,1,-1,1,0.0
protectorates,0,2,-2,2,0.0
lasell,0,1,-1,1,0.0
activists,0,2,-2,2,0.0
republic,0,1,-1,1,0.0
review,0,1,-1,1,0.0
online,0,1,-1,1,0.0
won,0,1,-1,1,0.0
translator,0,2,-2,2,0.0
keene,0,2,-2,2,0.0
bolivian,0,1,-1,1,0.0
kashmir,0,1,-1,1,0.0
forks,0,1,-1,1,0.0
dell,0,1,-1,1,0.0
mariano,0,1,-1,1,0.0
ferdinand,0,3,-3,3,0.0
thailand,0,1,-1,1,0.0
centers,0,1,-1,1,0.0
weeks,0,1,-1,1,0.0
argusleader,0,1,-1,1,0.0
maman,1,1,0,2,0.0
reerected,1,1,0,2,0.0
debunking,1,1,0,2,0.0
greed,1,1,0,2,0.0
historylessness,1,1,0,2,0.0
aparecida,1,1,0,2,0.0
387,1,1,0,2,0.0
wrought,1,1,0,2,0.0
hypothesised,0,1,-1,1,0.0
pierre,0,1,-1,1,0.0
founded,0,2,-2,2,0.0
weapons,0,1,-1,1,0.0
excerpt,0,1,-1,1,0.0
statueless,0,1,-1,1,0.0
according,0,1,-1,1,0.0
memorials,0,2,-2,2,0.0
54,0,1,-1,1,0.0
40388468,0,1,-1,1,0.0
synonym,0,1,-1,1,0.0
london,0,1,-1,1,0.0
buffalo,0,1,-1,1,0.0
1939,0,1,-1,1,0.0
arte,0,1,-1,1,0.0
rodney,0,1,-1,1,0.0
bold,1,1,0,2,0.0
subsistence,1,1,0,2,0.0
guanacaste,1,1,0,2,0.0
powerful,1,1,0,2,0.0
punishing,1,1,0,2,0.0
description,1,1,0,2,0.0
digital,0,1,-1,1,0.0
tahoe,0,1,-1,1,0.0
jefferson,0,1,-1,1,0.0
nicholas,0,1,-1,1,0.0
multinational,0,1,-1,1,0.0
involved,0,2,-2,2,0.0
question,0,1,-1,1,0.0
infected,0,1,-1,1,0.0
brutal,0,1,-1,1,0.0
populationbotswana,0,1,-1,1,0.0
tensions,0,1,-1,1,0.0
economy,0,1,-1,1,0.0
copper,0,1,-1,1,0.0
queen,0,2,-2,2,0.0
serie,0,1,-1,1,0.0
fled,1,1,0,2,0.0
collapse,0,1,-1,1,0.0
pounds,0,1,-1,1,0.0
filipa,0,1,-1,1,0.0
people,29,29,0,58,0.0
million,24,24,0,48,0.0
125,1,1,0,2,0.0
capitalist,1,1,0,2,0.0
muhammad,1,1,0,2,0.0
mandatory,0,1,-1,1,0.0
leading,0,1,-1,1,0.0
passed,0,1,-1,1,0.0
dust,0,1,-1,1,0.0
genealogia,0,1,-1,1,0.0
accumulation,1,1,0,2,0.0
things,1,1,0,2,0.0
subjected,0,1,-1,1,0.0
institutions,0,3,-3,3,0.0
sort,0,1,-1,1,0.0
opened,0,1,-1,1,0.0
histoire,0,1,-1,1,0.0
heráldica,0,1,-1,1,0.0
revillagigedo,0,1,-1,1,0.0
montana,0,1,-1,1,0.0
victorians,0,1,-1,1,0.0
rise,0,1,-1,1,0.0
hegemony,0,1,-1,1,0.0
doubted,0,1,-1,1,0.0
believe,0,1,-1,1,0.0
17194651,0,1,-1,1,0.0
broberg,0,2,-2,2,0.0
mines,0,4,-4,4,0.0
wave,0,1,-1,1,0.0
hampshire,0,1,-1,1,0.0
neck,0,1,-1,1,0.0
exposed,0,1,-1,1,0.0
reality,0,1,-1,1,0.0
covered,0,1,-1,1,0.0
remained,0,1,-1,1,0.0
singing,0,1,-1,1,0.0
cousin,0,1,-1,1,0.0
extractive,0,2,-2,2,0.0
justify,0,1,-1,1,0.0
private,0,1,-1,1,0.0
domingo,0,1,-1,1,0.0
ross,0,1,-1,1,0.0
articles,0,1,-1,1,0.0
particular,0,1,-1,1,0.0
blindness,0,1,-1,1,0.0
juba,0,1,-1,1,0.0
1219,0,1,-1,1,0.0
response,0,1,-1,1,0.0
prince,0,1,-1,1,0.0
claims,0,1,-1,1,0.0
boxer,0,1,-1,1,0.0
stems,0,1,-1,1,0.0
henry,0,3,-3,3,0.0
baltistan,0,1,-1,1,0.0
fourteen,0,1,-1,1,0.0
tribute,0,1,-1,1,0.0
presence,0,1,-1,1,0.0
nepal,0,1,-1,1,0.0
amp,2,2,0,4,0.0
college,0,2,-2,2,0.0
declinationshen,2,2,0,4,0.0
region7,2,2,0,4,0.0
ref10,2,2,0,4,0.0
presents,0,1,-1,1,0.0
austria,0,1,-1,1,0.0
investigaciones,0,1,-1,1,0.0
eurasia,0,1,-1,1,0.0
works,0,1,-1,1,0.0
lobbied,0,2,-2,2,0.0
fittingly,0,1,-1,1,0.0
forces,0,1,-1,1,0.0
primarily,0,1,-1,1,0.0
kingdom,0,1,-1,1,0.0
thornton,0,1,-1,1,0.0
cultivation,0,1,-1,1,0.0
subjugation,0,1,-1,1,0.0
renounced,0,1,-1,1,0.0
1968,0,1,-1,1,0.0
russia,0,1,-1,1,0.0
labrador,0,1,-1,1,0.0
northwest,0,1,-1,1,0.0
financed,0,1,-1,1,0.0
scotland,0,1,-1,1,0.0
duchy,0,1,-1,1,0.0
cristoffarime,0,1,-1,1,0.0
castilian,0,1,-1,1,0.0
slow,0,1,-1,1,0.0
1892,0,1,-1,1,0.0
water,0,1,-1,1,0.0
resulted,0,1,-1,1,0.0
blueberries,0,1,-1,1,0.0
temporarily,0,1,-1,1,0.0
bhutan,0,1,-1,1,0.0
replace,0,1,-1,1,0.0
committee,0,1,-1,1,0.0
area,0,1,-1,1,0.0
defining,0,1,-1,1,0.0
asian,0,2,-2,2,0.0
oman,0,3,-3,3,0.0
inviting,0,1,-1,1,0.0
1880,0,1,-1,1,0.0
patriot,0,1,-1,1,0.0
42,0,1,-1,1,0.0
immigration,0,1,-1,1,0.0
lighthouse,0,1,-1,1,0.0
24522,0,1,-1,1,0.0
accelerated,0,1,-1,1,0.0
kashag,0,1,-1,1,0.0
sagallo,0,1,-1,1,0.0
attribute,0,1,-1,1,0.0
olken,0,1,-1,1,0.0
indicates,0,1,-1,1,0.0
wear,0,1,-1,1,0.0
annexed,0,1,-1,1,0.0
files,0,1,-1,1,0.0
acapulco,0,1,-1,1,0.0
dakotahttps,0,1,-1,1,0.0
estonia,0,1,-1,1,0.0
invasion,0,1,-1,1,0.0
citations,0,1,-1,1,0.0
1565,0,1,-1,1,0.0
stating,0,1,-1,1,0.0
argument,0,1,-1,1,0.0
marathon,0,1,-1,1,0.0
multiplicity,0,1,-1,1,0.0
presentacion,0,1,-1,1,0.0
ceded,0,2,-2,2,0.0
says,0,3,-3,3,0.0
1408,0,1,-1,1,0.0
experience,0,1,-1,1,0.0
economically,0,1,-1,1,0.0
built,0,1,-1,1,0.0
argentine,0,2,-2,2,0.0
starting,0,1,-1,1,0.0
malaria,0,1,-1,1,0.0
pocketed,0,1,-1,1,0.0
demographic,0,2,-2,2,0.0
origins,1,1,0,2,0.0
democrats,1,1,0,2,0.0
taíno,1,1,0,2,0.0
macedon,1,1,0,2,0.0
badly,1,1,0,2,0.0
goals,1,1,0,2,0.0
violencefanon,1,1,0,2,0.0
enemies,1,1,0,2,0.0
span,1,1,0,2,0.0
issue,1,1,0,2,0.0
establish,1,1,0,2,0.0
implies,1,1,0,2,0.0
oxford,1,1,0,2,0.0
archeological,1,1,0,2,0.0
maghreb,1,1,0,2,0.0
guinea,1,1,0,2,0.0
supposedly,1,1,0,2,0.0
revised,1,1,0,2,0.0
pole,1,1,0,2,0.0
trindade,1,1,0,2,0.0
_indigenous_peoples_day_,1,1,0,2,0.0
1525,1,1,0,2,0.0
gathorne,0,1,-1,1,0.0
described,0,1,-1,1,0.0
pacific,0,1,-1,1,0.0
stable,0,1,-1,1,0.0
scientific,0,1,-1,1,0.0
lethal,0,1,-1,1,0.0
254,0,1,-1,1,0.0
fort,0,1,-1,1,0.0
1518,1,1,0,2,0.0
phoenicia,0,1,-1,1,0.0
benefits,0,1,-1,1,0.0
seq,0,1,-1,1,0.0
natal,0,1,-1,1,0.0
diálogo,0,2,-2,2,0.0
1879,0,2,-2,2,0.0
dallas,0,2,-2,2,0.0
china,0,1,-1,1,0.0
corombo,0,1,-1,1,0.0
worked,0,1,-1,1,0.0
site,10,10,0,20,0.0
greenland,10,10,0,20,0.0
amazonas,1,1,0,2,0.0
cocos,1,1,0,2,0.0
magubane,1,1,0,2,0.0
authorized,1,1,0,2,0.0
remain,1,1,0,2,0.0
designate,1,1,0,2,0.0
cavalry,1,1,0,2,0.0
escape,1,1,0,2,0.0
mythologies,1,1,0,2,0.0
chosen,1,1,0,2,0.0
wariboko,1,1,0,2,0.0
boruca,1,1,0,2,0.0
festivity,1,1,0,2,0.0
changing,1,1,0,2,0.0
pdfveracini,1,1,0,2,0.0
dependdemocracy,1,1,0,2,0.0
02,1,1,0,2,0.0
evelyn,1,1,0,2,0.0
trenton,1,1,0,2,0.0
shall,1,1,0,2,0.0
melillia,1,1,0,2,0.0
1792,1,1,0,2,0.0
democracy,1,1,0,2,0.0
atoll,1,1,0,2,0.0
quechuan,1,1,0,2,0.0
ebola,10,10,0,20,0.0
political,10,10,0,20,0.0
chorotega,1,1,0,2,0.0
vimy,1,1,0,2,0.0
raped,1,1,0,2,0.0
file_9708,1,1,0,2,0.0
240,1,1,0,2,0.0
improvement,1,1,0,2,0.0
company,0,1,-1,1,0.0
cortés,1,1,0,2,0.0
viking,1,1,0,2,0.0
whitaker,1,1,0,2,0.0
148,1,1,0,2,0.0
1491,1,1,0,2,0.0
senate,1,1,0,2,0.0
uavyfbkvgywejh,1,1,0,2,0.0
culo,1,1,0,2,0.0
yunnan,0,1,-1,1,0.0
cova,0,2,-2,2,0.0
fairbanks,0,1,-1,1,0.0
1580,0,1,-1,1,0.0
shares,0,1,-1,1,0.0
boletines,0,1,-1,1,0.0
ovando,0,1,-1,1,0.0
israelites,1,1,0,2,0.0
olympic,0,1,-1,1,0.0
nicolás,0,1,-1,1,0.0
disunited,0,1,-1,1,0.0
extended,0,1,-1,1,0.0
esdras,0,1,-1,1,0.0
cooling,0,1,-1,1,0.0
desert,0,1,-1,1,0.0
municipalities,1,1,0,2,0.0
secondary,1,1,0,2,0.0
structure,1,1,0,2,0.0
normally,1,1,0,2,0.0
scholarswho,1,1,0,2,0.0
sksksksk,1,1,0,2,0.0
300px,1,1,0,2,0.0
enabled,1,1,0,2,0.0
ohio,1,1,0,2,0.0
beauty,1,1,0,2,0.0
thinking,1,1,0,2,0.0
suicide,1,1,0,2,0.0
edomites,1,1,0,2,0.0
raw,1,1,0,2,0.0
hispaniola,9,9,0,18,0.0
press,9,9,0,18,0.0
harv,1,1,0,2,0.0
st,1,1,0,2,0.0
lyal,1,1,0,2,0.0
indochina,1,1,0,2,0.0
formidable,1,1,0,2,0.0
lief,1,1,0,2,0.0
currently,1,1,0,2,0.0
synthesize,1,1,0,2,0.0
bloodiest,1,1,0,2,0.0
arqueological,1,1,0,2,0.0
boise,1,1,0,2,0.0
europeansstoler,1,1,0,2,0.0
reservations,1,1,0,2,0.0
mandate,1,1,0,2,0.0
por,1,1,0,2,0.0
glaciation,1,1,0,2,0.0
lifestyle,1,1,0,2,0.0
bdjecgdycjscvrgcjsmvtycadfcmfyvcukdsagvyagvyu,1,1,0,2,0.0
fiesta,1,1,0,2,0.0
implications,1,1,0,2,0.0
eusopoean,1,1,0,2,0.0
114,1,1,0,2,0.0
1822,0,2,-2,2,0.0
juan,1,1,0,2,0.0
norse,15,15,0,30,0.0
spain,13,13,0,26,0.0
ceuta,1,1,0,2,0.0
egrees,1,1,0,2,0.0
dunbar,1,1,0,2,0.0
europeansamerican,1,1,0,2,0.0
dina,1,1,0,2,0.0
dedicated,1,1,0,2,0.0
hired,1,1,0,2,0.0
capitalism,1,1,0,2,0.0
hispanicity,0,1,-1,1,0.0
brother,0,1,-1,1,0.0
60,0,1,-1,1,0.0
gilgit,0,1,-1,1,0.0
learn,1,1,0,2,0.0
hudson,1,1,0,2,0.0
tsg,1,1,0,2,0.0
glyptodontthumb,1,1,0,2,0.0
leopold,1,1,0,2,0.0
easter,1,1,0,2,0.0
discovery,17,17,0,34,0.0
settlement,16,16,0,32,0.0
plantains,1,1,0,2,0.0
pulaski,1,1,0,2,0.0
hochschild,1,1,0,2,0.0
1969,0,3,-3,3,0.0
lot,0,1,-1,1,0.0
1783,0,1,-1,1,0.0
governance,0,1,-1,1,0.0
wake,1,1,0,2,0.0
topical,0,1,-1,1,0.0
sentiment,0,1,-1,1,0.0
feathered,0,1,-1,1,0.0
tusi,0,2,-2,2,0.0
arabic,0,1,-1,1,0.0
designating,0,1,-1,1,0.0
congressional,0,1,-1,1,0.0
colonizer,0,1,-1,1,0.0
traditionally,0,1,-1,1,0.0
complicated,0,1,-1,1,0.0
qamutiik,0,1,-1,1,0.0
territorial,1,1,0,2,0.0
moorehead,1,1,0,2,0.0
ponce,1,1,0,2,0.0
jason,1,1,0,2,0.0
thanksgiving,0,1,-1,1,0.0
grouppeepeepoo,1,1,0,2,0.0
mere,1,1,0,2,0.0
migrate,1,1,0,2,0.0
bleed,1,1,0,2,0.0
chief,1,1,0,2,0.0
page_scan_tab_contentsveracini,1,1,0,2,0.0
cite,1,1,0,2,0.0
investment,1,1,0,2,0.0
day_286,1,1,0,2,0.0
lpg,1,1,0,2,0.0
heard,1,1,0,2,0.0
local,1,1,0,2,0.0
legends,1,1,0,2,0.0
vespucci,1,1,0,2,0.0
ideologies,0,1,-1,1,0.0
carolinas,1,1,0,2,0.0
andby,1,1,0,2,0.0
todos,1,1,0,2,0.0
diphtheria,1,1,0,2,0.0
coronado,1,1,0,2,0.0
paleo,1,1,0,2,0.0
cristina,1,1,0,2,0.0
technologies,1,1,0,2,0.0
800,1,1,0,2,0.0
8084917906,1,1,0,2,0.0
ny,0,1,-1,1,0.0
rebound,0,1,-1,1,0.0
1999,0,1,-1,1,0.0
cristóvão,0,1,-1,1,0.0
buildings,0,1,-1,1,0.0
plantations,1,1,0,2,0.0
arthur,0,1,-1,1,0.0
cody,0,1,-1,1,0.0
graceland,0,1,-1,1,0.0
defamation,0,1,-1,1,0.0
62,0,1,-1,1,0.0
relativism,0,1,-1,1,0.0
noblewoman,0,1,-1,1,0.0
tend,0,1,-1,1,0.0
historian,0,1,-1,1,0.0
attempting,0,1,-1,1,0.0
1813,0,1,-1,1,0.0
little,1,1,0,2,0.0
walled,1,1,0,2,0.0
wazzup,1,1,0,2,0.0
star,1,1,0,2,0.0
frontpagemag,1,1,0,2,0.0
nakano,1,1,0,2,0.0
oppressor,1,1,0,2,0.0
broader,1,1,0,2,0.0
units,1,1,0,2,0.0
cool,1,1,0,2,0.0
1915,1,1,0,2,0.0
1513,1,1,0,2,0.0
crops,1,1,0,2,0.0
alexander,1,1,0,2,0.0
lady,1,1,0,2,0.0
children,1,1,0,2,0.0
dozens,1,1,0,2,0.0
oghsdbfhsdbhffshdfdshfbhdsj,1,1,0,2,0.0
medic,1,1,0,2,0.0
andahuaylillas,1,1,0,2,0.0
faced,1,1,0,2,0.0
dominancerodney,2,2,0,4,0.0
bringing,2,2,0,4,0.0
technology,2,2,0,4,0.0
236,2,2,0,4,0.0
navigator,2,2,0,4,0.0
live,2,2,0,4,0.0
able,2,2,0,4,0.0
subsequent,2,2,0,4,0.0
pop14,2,2,0,4,0.0
times,2,2,0,4,0.0
pop24,2,2,0,4,0.0
cape,2,2,0,4,0.0
chicago,2,2,0,4,0.0
region11,2,2,0,4,0.0
azores,1,1,0,2,0.0
pop5,2,2,0,4,0.0
soldiers,2,2,0,4,0.0
italy,2,2,0,4,0.0
mainly,2,2,0,4,0.0
160,2,2,0,4,0.0
murders,2,2,0,4,0.0
dependency,2,2,0,4,0.0
crew,3,3,0,6,0.0
aleppo,3,3,0,6,0.0
1978,3,3,0,6,0.0
image,3,3,0,6,0.0
nacional,3,3,0,6,0.0
lasted,3,3,0,6,0.0
pop25,3,3,0,6,0.0
venezuela,3,3,0,6,0.0
pop2,2,2,0,4,0.0
1346,0,1,-1,1,0.0
pop18,2,2,0,4,0.0
attempt,2,2,0,4,0.0
las,2,2,0,4,0.0
violently,2,2,0,4,0.0
aragon,2,2,0,4,0.0
redatam,2,2,0,4,0.0
pop3,2,2,0,4,0.0
counter,2,2,0,4,0.0
created,2,2,0,4,0.0
ref14,2,2,0,4,0.0
region10,2,2,0,4,0.0
intrinsically,2,2,0,4,0.0
1582,2,2,0,4,0.0
extend,2,2,0,4,0.0
agriculture,3,3,0,6,0.0
largest,3,3,0,6,0.0
francisco,3,3,0,6,0.0
1000,3,3,0,6,0.0
þing,3,3,0,6,0.0
widely,3,3,0,6,0.0
women,3,3,0,6,0.0
journeys,3,3,0,6,0.0
oklahoma,2,2,0,4,0.0
pop13,2,2,0,4,0.0
border,2,2,0,4,0.0
pop19,2,2,0,4,0.0
general,2,2,0,4,0.0
ancient,2,2,0,4,0.0
ref20,2,2,0,4,0.0
40,3,3,0,6,0.0
region20,2,2,0,4,0.0
conquering,0,1,-1,1,0.0
cristoffa,0,1,-1,1,0.0
dominance,0,1,-1,1,0.0
corporation,0,1,-1,1,0.0
efforts,0,1,-1,1,0.0
formosa,0,1,-1,1,0.0
monuments,0,2,-2,2,0.0
army,0,1,-1,1,0.0
1802,0,1,-1,1,0.0
notion,0,1,-1,1,0.0
portion,0,1,-1,1,0.0
1811,0,1,-1,1,0.0
overviews,0,1,-1,1,0.0
albania,3,3,0,6,0.0
cognates,0,1,-1,1,0.0
ex,0,1,-1,1,0.0
original,2,2,0,4,0.0
conquests,2,2,0,4,0.0
maría,2,2,0,4,0.0
salvador,2,2,0,4,0.0
domination,2,2,0,4,0.0
wafb,2,2,0,4,0.0
2018,2,2,0,4,0.0
ref8,2,2,0,4,0.0
quotes,2,2,0,4,0.0
87,2,2,0,4,0.0
region14,2,2,0,4,0.0
nigeria,2,2,0,4,0.0
region6,2,2,0,4,0.0
paolucci,0,2,-2,2,0.0
transfer,2,2,0,4,0.0
100,2,2,0,4,0.0
region15,2,2,0,4,0.0
116,2,2,0,4,0.0
tribe,2,2,0,4,0.0
surrounding,2,2,0,4,0.0
pop16,2,2,0,4,0.0
battle,2,2,0,4,0.0
paul,2,2,0,4,0.0
pop15,2,2,0,4,0.0
ref15,2,2,0,4,0.0
pop9,2,2,0,4,0.0
initiated,2,2,0,4,0.0
approximately,3,3,0,6,0.0
king,3,3,0,6,0.0
region2,2,2,0,4,0.0
colombus,3,3,0,6,0.0
based,3,3,0,6,0.0
vincent,3,3,0,6,0.0
region5,2,2,0,4,0.0
524,2,2,0,4,0.0
innocent,2,2,0,4,0.0
rule,2,2,0,4,0.0
force,2,2,0,4,0.0
removed,2,2,0,4,0.0
sksksk,2,2,0,4,0.0
pop8,2,2,0,4,0.0
pop11,2,2,0,4,0.0
religions,2,2,0,4,0.0
previously,2,2,0,4,0.0
ref16,2,2,0,4,0.0
trinidad,3,3,0,6,0.0
origin,1,1,0,2,0.0
html90,1,1,0,2,0.0
sensitive,1,1,0,2,0.0
poison,1,1,0,2,0.0
environment,1,1,0,2,0.0
monterey,1,1,0,2,0.0
settlements,1,1,0,2,0.0
tripolitania,3,3,0,6,0.0
taking,3,3,0,6,0.0
file,3,3,0,6,0.0
egypt,3,3,0,6,0.0
pop26,3,3,0,6,0.0
region9,2,2,0,4,0.0
small,2,2,0,4,0.0
démographique,0,1,-1,1,0.0
pinta,2,2,0,4,0.0
agenda,2,2,0,4,0.0
shen,2,2,0,4,0.0
region23,2,2,0,4,0.0
work,2,2,0,4,0.0
varies,2,2,0,4,0.0
inca,2,2,0,4,0.0
related,2,2,0,4,0.0
governor,2,2,0,4,0.0
does,2,2,0,4,0.0
independently,2,2,0,4,0.0
imposition,2,2,0,4,0.0
pop10,2,2,0,4,0.0
legal,2,2,0,4,0.0
free,3,3,0,6,0.0
knowledges,2,2,0,4,0.0
fakeholiday,1,1,0,2,0.0
philip,1,1,0,2,0.0
1640,0,1,-1,1,0.0
orleans,0,1,-1,1,0.0
retreat,0,1,-1,1,0.0
page_scan_tab_contents,0,1,-1,1,0.0
armas,0,1,-1,1,0.0
resident,0,1,-1,1,0.0
blue,0,1,-1,1,0.0
metropoles,0,1,-1,1,0.0
helena,0,1,-1,1,0.0
delivered,0,1,-1,1,0.0
drake,0,1,-1,1,0.0
2007,0,1,-1,1,0.0
narratives,0,1,-1,1,0.0
decimated,1,1,0,2,0.0
botswana,0,1,-1,1,0.0
defeat,0,1,-1,1,0.0
sandwich,3,3,0,6,0.0
court,3,3,0,6,0.0
specifically,3,3,0,6,0.0
greece,3,3,0,6,0.0
sailing,3,3,0,6,0.0
historical,3,3,0,6,0.0
aim,3,3,0,6,0.0
1821,1,1,0,2,0.0
varieties,1,1,0,2,0.0
section,1,1,0,2,0.0
ships,2,2,0,4,0.0
pop,2,2,0,4,0.0
bases,2,2,0,4,0.0
continues,0,1,-1,1,0.0
mid,3,3,0,6,0.0
region28,3,3,0,6,0.0
bosnia,3,3,0,6,0.0
retain,2,2,0,4,0.0
bureau,2,2,0,4,0.0
irish,2,2,0,4,0.0
ref23,2,2,0,4,0.0
story,2,2,0,4,0.0
good,2,2,0,4,0.0
520,2,2,0,4,0.0
region24,2,2,0,4,0.0
pop4,2,2,0,4,0.0
human,3,3,0,6,0.0
soto,3,3,0,6,0.0
naval,3,3,0,6,0.0
iraq,3,3,0,6,0.0
reception,0,1,-1,1,0.0
américa,0,1,-1,1,0.0
expulsion,0,1,-1,1,0.0
controversy,0,1,-1,1,0.0
barker,0,1,-1,1,0.0
killer,0,1,-1,1,0.0
immediately,0,1,-1,1,0.0
significant,0,3,-3,3,0.0
métis,0,1,-1,1,0.0
2014,0,4,-4,4,0.0
historically,0,1,-1,1,0.0
trafficking,0,1,-1,1,0.0
investments,0,2,-2,2,0.0
appropriate,0,1,-1,1,0.0
inhabited,3,3,0,6,0.0
caption,3,3,0,6,0.0
990,3,3,0,6,0.0
pop20,2,2,0,4,0.0
mainland,2,2,0,4,0.0
118,2,2,0,4,0.0
1521,2,2,0,4,0.0
cepal,2,2,0,4,0.0
danish,2,2,0,4,0.0
ref6,2,2,0,4,0.0
anti,2,2,0,4,0.0
region16,2,2,0,4,0.0
plants,2,2,0,4,0.0
having,2,2,0,4,0.0
ref9,2,2,0,4,0.0
pursuit,2,2,0,4,0.0
manila,0,1,-1,1,0.0
nationality,0,1,-1,1,0.0
cotterell,0,1,-1,1,0.0
embarked,0,1,-1,1,0.0
tower,0,1,-1,1,0.0
regarding,0,1,-1,1,0.0
officials,0,1,-1,1,0.0
schools,0,1,-1,1,0.0
ceremonies,0,2,-2,2,0.0
collapsed,0,2,-2,2,0.0
cases,0,2,-2,2,0.0
1810,0,3,-3,3,0.0
112,0,1,-1,1,0.0
1988,0,1,-1,1,0.0
depicting,0,1,-1,1,0.0
constituent,0,1,-1,1,0.0
pee,2,2,0,4,0.0
queensland,0,1,-1,1,0.0
marambio,0,1,-1,1,0.0
hardy,0,1,-1,1,0.0
53,0,1,-1,1,0.0
species,0,1,-1,1,0.0
stood,0,1,-1,1,0.0
170px,0,2,-2,2,0.0
middle,2,2,0,4,0.0
writing,2,2,0,4,0.0
sighting,2,2,0,4,0.0
region13,2,2,0,4,0.0
colombian,2,2,0,4,0.0
meso,2,2,0,4,0.0
helmet,2,2,0,4,0.0
feed,2,2,0,4,0.0
1982,3,3,0,6,0.0
nicaragua,3,3,0,6,0.0
ripe,2,2,0,4,0.0
reduced,2,2,0,4,0.0
tropical,2,2,0,4,0.0
maya,2,2,0,4,0.0
peepeepoopoo,2,2,0,4,0.0
policy,2,2,0,4,0.0
region17,2,2,0,4,0.0
authority,2,2,0,4,0.0
460,2,2,0,4,0.0
icon,2,2,0,4,0.0
kill,2,2,0,4,0.0
hybrid,2,2,0,4,0.0
julian,2,2,0,4,0.0
shetland,3,3,0,6,0.0
aka,2,2,0,4,0.0
ref19,2,2,0,4,0.0
region12,2,2,0,4,0.0
eurasian,2,2,0,4,0.0
pop21,2,2,0,4,0.0
mabila,2,2,0,4,0.0
major,2,2,0,4,0.0
adoption,2,2,0,4,0.0
alabama,2,2,0,4,0.0
pop6,2,2,0,4,0.0
michigan,2,2,0,4,0.0
censo,2,2,0,4,0.0
1558,2,2,0,4,0.0
eclac,2,2,0,4,0.0
movements,3,3,0,6,0.0
dismissing,0,1,-1,1,0.0
december,3,3,0,6,0.0
region26,3,3,0,6,0.0
ref21,2,2,0,4,0.0
region22,2,2,0,4,0.0
ref4,2,2,0,4,0.0
dates,2,2,0,4,0.0
honor,2,2,0,4,0.0
463,0,1,-1,1,0.0
1851,0,1,-1,1,0.0
imagery,0,1,-1,1,0.0
partnership,0,1,-1,1,0.0
emerged,0,1,-1,1,0.0
zululand,0,1,-1,1,0.0
enslaving,0,1,-1,1,0.0
ensalved,0,1,-1,1,0.0
dated,3,3,0,6,0.0
course,2,2,0,4,0.0
infrastructure,0,1,-1,1,0.0
phase,0,1,-1,1,0.0
taxes,0,1,-1,1,0.0
neocolonialist,0,1,-1,1,0.0
legacies,0,1,-1,1,0.0
322,0,1,-1,1,0.0
mayen,0,1,-1,1,0.0
1869,0,2,-2,2,0.0
melvin,0,1,-1,1,0.0
moniz,0,1,-1,1,0.0
sultanate,0,1,-1,1,0.0
etnicos,0,2,-2,2,0.0
successful,0,1,-1,1,0.0
gender,2,2,0,4,0.0
wales,0,1,-1,1,0.0
america,43,43,0,86,0.0
perestrelo,0,1,-1,1,0.0
affairs,0,1,-1,1,0.0
1716,0,1,-1,1,0.0
restud,0,1,-1,1,0.0
melissa,0,1,-1,1,0.0
seaborne,0,1,-1,1,0.0
rönnbäck,0,2,-2,2,0.0
narrative,0,1,-1,1,0.0
pleasepeepeepoo,67,67,0,134,0.0
dont,68,68,0,136,0.0
peepeepoopoogreat,68,68,0,136,0.0
fixed,68,68,0,136,0.0
peepeepoopoopeepeepoo,332,332,0,664,0.0
substantial,0,1,-1,1,0.0
ref2,2,2,0,4,0.0
33,2,2,0,4,0.0
declination,2,2,0,4,0.0
christmas,2,2,0,4,0.0
pop7,2,2,0,4,0.0
pop23,2,2,0,4,0.0
444,2,2,0,4,0.0
pop22,2,2,0,4,0.0
settled,2,2,0,4,0.0
citation,2,2,0,4,0.0
region25,2,2,0,4,0.0
animals,2,2,0,4,0.0
australian,2,2,0,4,0.0
region4,2,2,0,4,0.0
tariffs,2,2,0,4,0.0
norfolk,2,2,0,4,0.0
ref22,2,2,0,4,0.0
encounter,2,2,0,4,0.0
wilton,2,2,0,4,0.0
civilised,2,2,0,4,0.0
enthusiastic,2,2,0,4,0.0
located,3,3,0,6,0.0
settle,3,3,0,6,0.0
sponsor,3,3,0,6,0.0
90,0,2,-2,2,0.0
guaicaipuro,0,1,-1,1,0.0
experiment,0,1,-1,1,0.0
bouvet,0,1,-1,1,0.0
region21,2,2,0,4,0.0
great,2,2,0,4,0.0
region1,2,2,0,4,0.0
portugese,2,2,0,4,0.0
1973,2,2,0,4,0.0
ref3,2,2,0,4,0.0
falkland,3,3,0,6,0.0
act,3,3,0,6,0.0
stearns,0,1,-1,1,0.0
greater,0,1,-1,1,0.0
develop,0,1,-1,1,0.0
expeditions,0,1,-1,1,0.0
change,0,1,-1,1,0.0
intercultural,0,4,-4,4,0.0
lynching,0,2,-2,2,0.0
java,0,1,-1,1,0.0
pdf,0,1,-1,1,0.0
17th,0,1,-1,1,0.0
inserting,2,2,0,4,0.0
detribalization,0,1,-1,1,0.0
proof,0,1,-1,1,0.0
administrative,0,1,-1,1,0.0
equator,0,2,-2,2,0.0
0010414015600465,0,1,-1,1,0.0
2013,2,2,0,4,0.0
pop1,2,2,0,4,0.0
pa163,2,2,0,4,0.0
replaced,2,2,0,4,0.0
ref11,2,2,0,4,0.0
paseo,2,2,0,4,0.0
1980,2,2,0,4,0.0
phoenicians,2,2,0,4,0.0
pop12,2,2,0,4,0.0
900,2,2,0,4,0.0
basket,0,1,-1,1,0.0
ref7,2,2,0,4,0.0
resistence,2,2,0,4,0.0
medicinal,2,2,0,4,0.0
deaths,2,2,0,4,0.0
tenochtitlan,2,2,0,4,0.0
sail,2,2,0,4,0.0
god,2,2,0,4,0.0
ref17,2,2,0,4,0.0
persecution,2,2,0,4,0.0
genoese,2,2,0,4,0.0
exploitation,2,2,0,4,0.0
eastern,3,3,0,6,0.0
region27,3,3,0,6,0.0
short,3,3,0,6,0.0
lenin,3,3,0,6,0.0
ref5,2,2,0,4,0.0
assemblies,3,3,0,6,0.0
oregon,2,2,0,4,0.0
acre,2,2,0,4,0.0
proleptic,2,2,0,4,0.0
economics,2,2,0,4,0.0
aspects,2,2,0,4,0.0
sahara,2,2,0,4,0.0
jeff,2,2,0,4,0.0
ref24,2,2,0,4,0.0
post,2,2,0,4,0.0
ref12,2,2,0,4,0.0
bullshit,2,2,0,4,0.0
mixed,2,2,0,4,0.0
ref13,2,2,0,4,0.0
extensive,2,2,0,4,0.0
violence,3,3,0,6,0.0
statute,2,2,0,4,0.0
ref18,2,2,0,4,0.0
pop17,2,2,0,4,0.0
jpg,2,2,0,4,0.0
aztecs,2,2,0,4,0.0
initial,0,1,-1,1,0.0
colōnia,0,1,-1,1,0.0
1994,0,1,-1,1,0.0
flag,0,1,-1,1,0.0
lucca,0,1,-1,1,0.0
massacre,0,1,-1,1,0.0
approval,0,1,-1,1,0.0
1568,0,1,-1,1,0.0
changed,0,1,-1,1,0.0
believed,2,2,0,4,0.0
paying,0,1,-1,1,0.0
1839,0,2,-2,2,0.0
1913,0,1,-1,1,0.0
protest,0,1,-1,1,0.0
omani,0,1,-1,1,0.0
statement,0,1,-1,1,0.0
lives,2,2,0,4,0.0
verga,2,2,0,4,0.0
inhabitants,2,2,0,4,0.0
stranger,2,2,0,4,0.0
relationships,2,2,0,4,0.0
region19,2,2,0,4,0.0
relationship,2,2,0,4,0.0
1990,2,2,0,4,0.0
region8,2,2,0,4,0.0
grupos,0,2,-2,2,0.0
seeks,2,2,0,4,0.0
garðar,3,3,0,6,0.0
connection,3,3,0,6,0.0
armour,3,3,0,6,0.0
inadvertently,3,3,0,6,0.0
1945,3,3,0,6,0.0
invaders,3,3,0,6,0.0
ref28,3,3,0,6,0.0
extends,2,2,0,4,0.0
evolution,2,2,0,4,0.0
aztec,2,2,0,4,0.0
faster,2,2,0,4,0.0
know,2,2,0,4,0.0
set,2,2,0,4,0.0
love,2,2,0,4,0.0
pith,2,2,0,4,0.0
nazionale,2,2,0,4,0.0
fake,2,2,0,4,0.0
sea,2,2,0,4,0.0
berkeley,2,2,0,4,0.0
apartheid,2,2,0,4,0.0
true,3,3,0,6,0.0
cyprus,3,3,0,6,0.0
region18,2,2,0,4,0.0
glory,2,2,0,4,0.0
peepeepoo,2,2,0,4,0.0
peluda,2,2,0,4,0.0
niña,2,2,0,4,0.0
region3,2,2,0,4,0.0
rationalization,2,2,0,4,0.0
systems,2,2,0,4,0.0
arawak,2,2,0,4,0.0
columbusthe,1,1,0,2,0.0
fbv,1,1,0,2,0.0
myths,1,1,0,2,0.0
greenlandthumb,1,1,0,2,0.0
diversidad,1,1,0,2,0.0
san,1,1,0,2,0.0
durabilities,1,1,0,2,0.0
maleku,1,1,0,2,0.0
erick,1,1,0,2,0.0
duke,1,1,0,2,0.0
anthropologist,1,1,0,2,0.0
1842,1,1,0,2,0.0
newfhioundland,1,1,0,2,0.0
distributed,1,1,0,2,0.0
separation,1,1,0,2,0.0
business,1,1,0,2,0.0
biggest,1,1,0,2,0.0
papua,1,1,0,2,0.0
sailed,4,4,0,8,0.0
internationalism,1,1,0,2,0.0
americums,1,1,0,2,0.0
distinguished,1,1,0,2,0.0
diversity,1,1,0,2,0.0
endeo,1,1,0,2,0.0
andean,1,1,0,2,0.0
artistic,1,1,0,2,0.0
dragoș,1,1,0,2,0.0
densely,1,1,0,2,0.0
infantry,1,1,0,2,0.0
direct,1,1,0,2,0.0
cause,1,1,0,2,0.0
es,1,1,0,2,0.0
wolfe,1,1,0,2,0.0
defense,1,1,0,2,0.0
pepa,1,1,0,2,0.0
ada,1,1,0,2,0.0
wall,1,1,0,2,0.0
durham,1,1,0,2,0.0
condemned,1,1,0,2,0.0
maintenance,1,1,0,2,0.0
postcolonialism,0,1,-1,1,0.0
upward,0,1,-1,1,0.0
davis,0,1,-1,1,0.0
payment,0,1,-1,1,0.0
postcolonial,0,1,-1,1,0.0
birthday,0,1,-1,1,0.0
favor,1,1,0,2,0.0
exile,0,1,-1,1,0.0
clearly,0,1,-1,1,0.0
wichita,0,1,-1,1,0.0
dozen,0,1,-1,1,0.0
canaan,0,1,-1,1,0.0
1450,0,2,-2,2,0.0
christi,0,1,-1,1,0.0
befitting,0,1,-1,1,0.0
1177,0,1,-1,1,0.0
tunisia,4,4,0,8,0.0
archaeological,4,4,0,8,0.0
came,4,4,0,8,0.0
colombia,4,4,0,8,0.0
census,4,4,0,8,0.0
attempted,4,4,0,8,0.0
celebrating,0,1,-1,1,0.0
alajuela,1,1,0,2,0.0
scheduling,1,1,0,2,0.0
andénes,1,1,0,2,0.0
ikings,1,1,0,2,0.0
france,1,1,0,2,0.0
sucumbíos,1,1,0,2,0.0
theses,1,1,0,2,0.0
epidemics,1,1,0,2,0.0
spoken,1,1,0,2,0.0
division,1,1,0,2,0.0
amazing,1,1,0,2,0.0
archipelago,1,1,0,2,0.0
credit,1,1,0,2,0.0
andrés,0,1,-1,1,0.0
indianapolis,1,1,0,2,0.0
wolfhawk,0,1,-1,1,0.0
ease,0,1,-1,1,0.0
public,0,2,-2,2,0.0
westward,0,1,-1,1,0.0
costs,0,2,-2,2,0.0
laos,0,1,-1,1,0.0
iberoamerican,0,1,-1,1,0.0
spiritual,0,1,-1,1,0.0
intent,0,1,-1,1,0.0
wider,0,1,-1,1,0.0
investors,0,1,-1,1,0.0
similar,0,1,-1,1,0.0
infectious,0,1,-1,1,0.0
george,0,1,-1,1,0.0
means,3,3,0,6,0.0
councilmember,0,1,-1,1,0.0
ountries,1,1,0,2,0.0
negra,1,1,0,2,0.0
named,4,4,0,8,0.0
identified,4,4,0,8,0.0
conquistadors,4,4,0,8,0.0
group,4,4,0,8,0.0
perú,3,3,0,6,0.0
1794,3,3,0,6,0.0
behalf,3,3,0,6,0.0
determination,3,3,0,6,0.0
marching,3,3,0,6,0.0
ref25,3,3,0,6,0.0
redirect,1,1,0,2,0.0
thief,1,1,0,2,0.0
whites,1,1,0,2,0.0
fref,1,1,0,2,0.0
vaz,1,1,0,2,0.0
principles,1,1,0,2,0.0
theatlantic,1,1,0,2,0.0
darren,1,1,0,2,0.0
forcefully,1,1,0,2,0.0
traditional,1,1,0,2,0.0
1530s,1,1,0,2,0.0
jefffffff,1,1,0,2,0.0
hickel,1,1,0,2,0.0
bribri,1,1,0,2,0.0
class,1,1,0,2,0.0
shows,1,1,0,2,0.0
hi,4,4,0,8,0.0
1960,4,4,0,8,0.0
trained,1,1,0,2,0.0
guayaquil,1,1,0,2,0.0
siege,1,1,0,2,0.0
een,1,1,0,2,0.0
grande,1,1,0,2,0.0
royal,1,1,0,2,0.0
magazine,1,1,0,2,0.0
hole,1,1,0,2,0.0
demand,1,1,0,2,0.0
trumpets,0,1,-1,1,0.0
invasive,0,1,-1,1,0.0
hundreds,0,1,-1,1,0.0
encyclopedia,0,5,-5,5,0.0
1950,0,1,-1,1,0.0
suggests,0,1,-1,1,0.0
council,0,1,-1,1,0.0
universalism,1,1,0,2,0.0
cranberries,0,1,-1,1,0.0
hawk,0,1,-1,1,0.0
airport,0,1,-1,1,0.0
nearly,0,1,-1,1,0.0
premodern,0,1,-1,1,0.0
transvaal,0,1,-1,1,0.0
decoloniality,0,1,-1,1,0.0
blend,0,1,-1,1,0.0
discover,4,4,0,8,0.0
took,4,4,0,8,0.0
vikings,4,4,0,8,0.0
infobox,4,4,0,8,0.0
belize,4,4,0,8,0.0
discoveries,4,4,0,8,0.0
mariner,1,1,0,2,0.0
cultures,0,6,-6,6,0.0
continuation,0,1,-1,1,0.0
302445,1,1,0,2,0.0
citizen,1,1,0,2,0.0
texttrous,1,1,0,2,0.0
developing,1,1,0,2,0.0
dsc00053,1,1,0,2,0.0
conjunction,1,1,0,2,0.0
carefully,1,1,0,2,0.0
penguin,1,1,0,2,0.0
reassurance,1,1,0,2,0.0
incorporation,1,1,0,2,0.0
monopoly,1,1,0,2,0.0
guatemala,4,4,0,8,0.0
agreement,4,4,0,8,0.0
languages,4,4,0,8,0.0
champion,1,1,0,2,0.0
cemented,1,1,0,2,0.0
vote,1,1,0,2,0.0
vce,1,1,0,2,0.0
52,1,1,0,2,0.0
citizens,1,1,0,2,0.0
americaleo,1,1,0,2,0.0
abs,1,1,0,2,0.0
programme,1,1,0,2,0.0
refname,1,1,0,2,0.0
formal,1,1,0,2,0.0
pertaining,1,1,0,2,0.0
gay,1,1,0,2,0.0
root,1,1,0,2,0.0
bunau,1,1,0,2,0.0
bot,1,1,0,2,0.0
portland,1,1,0,2,0.0
outermost,0,1,-1,1,0.0
dialogue,0,2,-2,2,0.0
domesticated,0,1,-1,1,0.0
gobierno,0,1,-1,1,0.0
sentinel,0,1,-1,1,0.0
kalamazoo,0,1,-1,1,0.0
visibly,0,1,-1,1,0.0
adam,0,1,-1,1,0.0
resulting,0,1,-1,1,0.0
preferred,0,1,-1,1,0.0
georgia,4,4,0,8,0.0
19,4,4,0,8,0.0
hawaii,4,4,0,8,0.0
examples,4,4,0,8,0.0
river,1,1,0,2,0.0
designs,1,1,0,2,0.0
express,1,1,0,2,0.0
conquered,1,1,0,2,0.0
official,4,4,0,8,0.0
celade,4,4,0,8,0.0
unesco,4,4,0,8,0.0
governors,1,1,0,2,0.0
holiday_name,1,1,0,2,0.0
competes,1,1,0,2,0.0
missouri,1,1,0,2,0.0
raza,1,1,0,2,0.0
taken,1,1,0,2,0.0
wishes,1,1,0,2,0.0
gain,1,1,0,2,0.0
mankato,1,1,0,2,0.0
ngäbe,1,1,0,2,0.0
peopling,1,1,0,2,0.0
journeyed,1,1,0,2,0.0
coral,1,1,0,2,0.0
corn,1,1,0,2,0.0
frequency,1,1,0,2,0.0
techno,1,1,0,2,0.0
américas,1,1,0,2,0.0
26,1,1,0,2,0.0
bushnell,1,1,0,2,0.0
principle,1,1,0,2,0.0
bolivia,4,4,0,8,0.0
1901,1,1,0,2,0.0
strengthened,1,1,0,2,0.0
distorted,1,1,0,2,0.0
cp0r3aa8em8c,1,1,0,2,0.0
responded,0,1,-1,1,0.0
taught,1,1,0,2,0.0
cover,1,1,0,2,0.0
measles,1,1,0,2,0.0
americathe,1,1,0,2,0.0
resolve,1,1,0,2,0.0
foot,1,1,0,2,0.0
uzoigw,1,1,0,2,0.0
valley,1,1,0,2,0.0
moctezuma,1,1,0,2,0.0
quitirrisí,1,1,0,2,0.0
enslavement,0,1,-1,1,0.0
available,0,1,-1,1,0.0
token,0,2,-2,2,0.0
pushes,0,1,-1,1,0.0
jar,0,1,-1,1,0.0
violin,1,1,0,2,0.0
leticia,1,1,0,2,0.0
uses,1,1,0,2,0.0
explains,1,1,0,2,0.0
león,1,1,0,2,0.0
proprietors,1,1,0,2,0.0
buttfart,1,1,0,2,0.0
36,1,1,0,2,0.0
34,1,1,0,2,0.0
shell,1,1,0,2,0.0
1841,1,1,0,2,0.0
duress,1,1,0,2,0.0
continuous,1,1,0,2,0.0
reprinted,1,1,0,2,0.0
taino,3,3,0,6,0.0
continue,3,3,0,6,0.0
heritage,3,3,0,6,0.0
troops,3,3,0,6,0.0
supported,3,3,0,6,0.0
honduras,3,3,0,6,0.0
statues,1,1,0,2,0.0
shields,1,1,0,2,0.0
lse,1,1,0,2,0.0
pillaging,1,1,0,2,0.0
metro,1,1,0,2,0.0
patrimonial,1,1,0,2,0.0
contended,1,1,0,2,0.0
2017,1,1,0,2,0.0
austro,1,1,0,2,0.0
28,0,1,-1,1,0.0
climate,0,1,-1,1,0.0
cabot,3,3,0,6,0.0
nj,1,1,0,2,0.0
scholarly,1,1,0,2,0.0
congress,1,1,0,2,0.0
mom,1,1,0,2,0.0
fhfhdfd,1,1,0,2,0.0
hero,1,1,0,2,0.0
alot,1,1,0,2,0.0
greenberg,1,1,0,2,0.0
rondônia,1,1,0,2,0.0
representing,1,1,0,2,0.0
1546,1,1,0,2,0.0
oppression,1,1,0,2,0.0
quota,1,1,0,2,0.0
regiments,1,1,0,2,0.0
caliphate,1,1,0,2,0.0
phalanx,1,1,0,2,0.0
wikipedia,1,1,0,2,0.0
shifted,1,1,0,2,0.0
belgian,1,1,0,2,0.0
populated,3,3,0,6,0.0
style,3,3,0,6,0.0
10th,3,3,0,6,0.0
soon,3,3,0,6,0.0
crete,3,3,0,6,0.0
1050,3,3,0,6,0.0
1497,3,3,0,6,0.0
parliament,3,3,0,6,0.0
ran,3,3,0,6,0.0
beans,1,1,0,2,0.0
wheels,1,1,0,2,0.0
transgenders,1,1,0,2,0.0
needs,1,1,0,2,0.0
earth,1,1,0,2,0.0
trader,1,1,0,2,0.0
repeat,1,1,0,2,0.0
tienen,1,1,0,2,0.0
captain,1,1,0,2,0.0
angola,1,1,0,2,0.0
dictionary,1,1,0,2,0.0
cabécar,1,1,0,2,0.0
frontier,1,1,0,2,0.0
fun,1,1,0,2,0.0
defensett,1,1,0,2,0.0
2016,1,1,0,2,0.0
colubus,1,1,0,2,0.0
mozambique,1,1,0,2,0.0
placate,0,1,-1,1,0.0
urban,1,1,0,2,0.0
murderer,1,1,0,2,0.0
isola,1,1,0,2,0.0
drums,1,1,0,2,0.0
aciation,1,1,0,2,0.0
thewishes4u,1,1,0,2,0.0
treaty,1,1,0,2,0.0
observedby,1,1,0,2,0.0
ruled,1,1,0,2,0.0
hernán,1,1,0,2,0.0
cordillera,1,1,0,2,0.0
constructed,1,1,0,2,0.0
focused,1,1,0,2,0.0
transatlantic,1,1,0,2,0.0
liberty,1,1,0,2,0.0
accessdate,1,1,0,2,0.0
mob,0,1,-1,1,0.0
burden,0,1,-1,1,0.0
exploring,0,1,-1,1,0.0
scribner,0,1,-1,1,0.0
moorhead,0,1,-1,1,0.0
expected,0,1,-1,1,0.0
silver,0,2,-2,2,0.0
238,0,1,-1,1,0.0
unlike,0,1,-1,1,0.0
tasmania,0,1,-1,1,0.0
holidays,0,1,-1,1,0.0
grand,0,1,-1,1,0.0
vary,0,1,-1,1,0.0
neocolonial,1,1,0,2,0.0
nahuatl,1,1,0,2,0.0
relatively,1,1,0,2,0.0
acquired,1,1,0,2,0.0
troop,1,1,0,2,0.0
foundation,1,1,0,2,0.0
ks,1,1,0,2,0.0
onesided,1,1,0,2,0.0
13688790701488155,1,1,0,2,0.0
aground,3,3,0,6,0.0
vinland,3,3,0,6,0.0
1517,3,3,0,6,0.0
orkney,3,3,0,6,0.0
ce,3,3,0,6,0.0
250px,1,1,0,2,0.0
zealand,1,1,0,2,0.0
patrilineal,1,1,0,2,0.0
modes,1,1,0,2,0.0
easily,1,1,0,2,0.0
exacting,1,1,0,2,0.0
arizona,1,1,0,2,0.0
35,1,1,0,2,0.0
1893,1,1,0,2,0.0
germanss,1,1,0,2,0.0
ago,1,1,0,2,0.0
fatima,1,1,0,2,0.0
roxanne,1,1,0,2,0.0
companies,1,1,0,2,0.0
economies,1,1,0,2,0.0
2002,1,1,0,2,0.0
especially,1,1,0,2,0.0
weaver,1,1,0,2,0.0
purposes,1,1,0,2,0.0
veterans,1,1,0,2,0.0
978,1,1,0,2,0.0
aid,1,1,0,2,0.0
journalcode,1,1,0,2,0.0
twentieth,1,1,0,2,0.0
innovation,1,1,0,2,0.0
conquistador,3,3,0,6,0.0
bulgaria,3,3,0,6,0.0
brattahlíð,3,3,0,6,0.0
possible,3,3,0,6,0.0
socialist,3,3,0,6,0.0
550,3,3,0,6,0.0
bishop,3,3,0,6,0.0
graham,3,3,0,6,0.0
needed,1,1,0,2,0.0
figures,1,1,0,2,0.0
8th,1,1,0,2,0.0
ref26,3,3,0,6,0.0
stage,1,1,0,2,0.0
una,1,1,0,2,0.0
subaltern,1,1,0,2,0.0
changes,1,1,0,2,0.0
1614,1,1,0,2,0.0
destroyed,1,1,0,2,0.0
mericas,1,1,0,2,0.0
battlefield,1,1,0,2,0.0
verde,1,1,0,2,0.0
arly,1,1,0,2,0.0
alto,1,1,0,2,0.0
750,1,1,0,2,0.0
supposidly,1,1,0,2,0.0
ancestors,1,1,0,2,0.0
slatt,1,1,0,2,0.0
pedestal,1,1,0,2,0.0
carbon,3,3,0,6,0.0
grenadines,3,3,0,6,0.0
ref27,3,3,0,6,0.0
religion,3,3,0,6,0.0
1918,3,3,0,6,0.0
ireland,1,1,0,2,0.0
yoruba,1,1,0,2,0.0
embarrassing,1,1,0,2,0.0
1863,1,1,0,2,0.0
arived,1,1,0,2,0.0
socio,1,1,0,2,0.0
exerted,1,1,0,2,0.0
proclaim,1,1,0,2,0.0
forerunner,1,1,0,2,0.0
house,1,1,0,2,0.0
generally,3,3,0,6,0.0
tip,3,3,0,6,0.0
pop27,3,3,0,6,0.0
herzegovina,3,3,0,6,0.0
dating,3,3,0,6,0.0
existing,3,3,0,6,0.0
thousands,3,3,0,6,0.0
greeks,1,1,0,2,0.0
order,1,1,0,2,0.0
seen,1,1,0,2,0.0
covering,0,1,-1,1,0.0
continued,0,1,-1,1,0.0
50,0,1,-1,1,0.0
referred,0,1,-1,1,0.0
150,1,1,0,2,0.0
law,0,2,-2,2,0.0
svalbard,0,1,-1,1,0.0
ventura,0,1,-1,1,0.0
patagonia,0,1,-1,1,0.0
españa,0,1,-1,1,0.0
immunity,0,2,-2,2,0.0
dane,0,1,-1,1,0.0
17,0,1,-1,1,0.0
1820,0,1,-1,1,0.0
victory,0,1,-1,1,0.0
punished,0,1,-1,1,0.0
quiet,1,1,0,2,0.0
disambiguationsaersfdement,1,1,0,2,0.0
peel,1,1,0,2,0.0
1934,1,1,0,2,0.0
jan,0,1,-1,1,0.0
59,1,1,0,2,0.0
tandfonline,1,1,0,2,0.0
hispanidad,1,1,0,2,0.0
cpcs20,1,1,0,2,0.0
deeds,1,1,0,2,0.0
03,1,1,0,2,0.0
mifflin,1,1,0,2,0.0
sex,1,1,0,2,0.0
castilla,1,1,0,2,0.0
garbage,1,1,0,2,0.0
tree,1,1,0,2,0.0
synthesise,1,1,0,2,0.0
nevada,3,3,0,6,0.0
santa,3,3,0,6,0.0
accepted,3,3,0,6,0.0
pop28,3,3,0,6,0.0
count,1,1,0,2,0.0
porfato,1,1,0,2,0.0
borern,1,1,0,2,0.0
false,1,1,0,2,0.0
vasoncelos,1,1,0,2,0.0
1519,1,1,0,2,0.0
damaged,1,1,0,2,0.0
concession,1,1,0,2,0.0
framework,1,1,0,2,0.0
núñez,1,1,0,2,0.0
montevideo,1,1,0,2,0.0
endagerment,1,1,0,2,0.0
isolation,1,1,0,2,0.0
formation,1,1,0,2,0.0
rationalisation,3,3,0,6,0.0
glyptodont,1,1,0,2,0.0
american,43,44,-1,87,-0.023255813953488372
1492,17,18,-1,35,-0.058823529411764705
canada,16,17,-1,33,-0.0625
began,15,16,-1,31,-0.06666666666666667
peoples,25,27,-2,52,-0.08
population,12,13,-1,25,-0.08333333333333333
trade,11,12,-1,23,-0.09090909090909091
land,11,12,-1,23,-0.09090909090909091
islands,21,23,-2,44,-0.09523809523809523
portuguese,10,11,-1,21,-0.1
year,8,9,-1,17,-0.125
established,8,9,-1,17,-0.125
island,8,9,-1,17,-0.125
central,8,9,-1,17,-0.125
reached,7,8,-1,15,-0.14285714285714285
chile,7,8,-1,15,-0.14285714285714285
spanish,28,32,-4,60,-0.14285714285714285
expedition,7,8,-1,15,-0.14285714285714285
thumb,34,39,-5,73,-0.14705882352941177
voyages,13,15,-2,28,-0.15384615384615385
italian,19,22,-3,41,-0.15789473684210525
christopher,19,22,-3,41,-0.15789473684210525
settler,6,7,-1,13,-0.16666666666666666
voyage,6,7,-1,13,-0.16666666666666666
trans,6,7,-1,13,-0.16666666666666666
erikson,6,7,-1,13,-0.16666666666666666
years,6,7,-1,13,-0.16666666666666666
including,6,7,-1,13,-0.16666666666666666
caribbean,12,14,-2,26,-0.16666666666666666
conquest,12,14,-2,26,-0.16666666666666666
americas,58,68,-10,126,-0.1724137931034483
states,21,25,-4,46,-0.19047619047619047
indigenous,41,49,-8,90,-0.1951219512195122
nations,5,6,-1,11,-0.2
far,5,6,-1,11,-0.2
leif,5,6,-1,11,-0.2
areas,5,6,-1,11,-0.2
scale,5,6,-1,11,-0.2
neocolonialism,5,6,-1,11,-0.2
dependencies,5,6,-1,11,-0.2
atlantic,5,6,-1,11,-0.2
building,5,6,-1,11,-0.2
century,15,18,-3,33,-0.2
cultural,5,6,-1,11,-0.2
later,5,6,-1,11,-0.2
day,59,71,-12,130,-0.2033898305084746
holiday,14,17,-3,31,-0.21428571428571427
french,9,11,-2,20,-0.2222222222222222
control,9,11,-2,20,-0.2222222222222222
new,30,37,-7,67,-0.23333333333333334
africa,17,21,-4,38,-0.23529411764705882
time,4,5,-1,9,-0.25
1922,4,5,-1,9,-0.25
colonies,20,25,-5,45,-0.25
state,8,10,-2,18,-0.25
colombo,4,5,-1,9,-0.25
disastrous,4,5,-1,9,-0.25
west,4,5,-1,9,-0.25
walk,4,5,-1,9,-0.25
hart,4,5,-1,9,-0.25
celebration,4,5,-1,9,-0.25
permanent,4,5,-1,9,-0.25
2010,4,5,-1,9,-0.25
2005,4,5,-1,9,-0.25
remains,4,5,-1,9,-0.25
florida,4,5,-1,9,-0.25
united,18,23,-5,41,-0.2777777777777778
south,35,45,-10,80,-0.2857142857142857
societies,7,9,-2,16,-0.2857142857142857
died,7,9,-2,16,-0.2857142857142857
empire,20,26,-6,46,-0.3
countries,10,13,-3,23,-0.3
columbus,64,85,-21,149,-0.328125
viewed,3,4,-1,7,-0.3333333333333333
european,39,52,-13,91,-0.3333333333333333
international,3,4,-1,7,-0.3333333333333333
fought,3,4,-1,7,-0.3333333333333333
wrote,3,4,-1,7,-0.3333333333333333
refer,3,4,-1,7,-0.3333333333333333
powers,9,12,-3,21,-0.3333333333333333
seeking,3,4,-1,7,-0.3333333333333333
uruguay,3,4,-1,7,-0.3333333333333333
social,3,4,-1,7,-0.3333333333333333
unknown,3,4,-1,7,-0.3333333333333333
la,9,12,-3,21,-0.3333333333333333
broadly,3,4,-1,7,-0.3333333333333333
51,3,4,-1,7,-0.3333333333333333
recognition,3,4,-1,7,-0.3333333333333333
castile,3,4,-1,7,-0.3333333333333333
english,3,4,-1,7,-0.3333333333333333
lands,3,4,-1,7,-0.3333333333333333
15th,3,4,-1,7,-0.3333333333333333
ecuador,3,4,-1,7,-0.3333333333333333
ocean,3,4,-1,7,-0.3333333333333333
india,3,4,-1,7,-0.3333333333333333
england,3,4,-1,7,-0.3333333333333333
dakota,3,4,-1,7,-0.3333333333333333
tobago,3,4,-1,7,-0.3333333333333333
instead,3,4,-1,7,-0.3333333333333333
victoria,3,4,-1,7,-0.3333333333333333
like,6,8,-2,14,-0.3333333333333333
9th,3,4,-1,7,-0.3333333333333333
use,3,4,-1,7,-0.3333333333333333
benton,3,4,-1,7,-0.3333333333333333
millenarian,3,4,-1,7,-0.3333333333333333
colonialism,23,31,-8,54,-0.34782608695652173
europe,14,19,-5,33,-0.35714285714285715
mexico,8,11,-3,19,-0.375
celebrated,5,7,-2,12,-0.4
newfoundland,5,7,-2,12,-0.4
history,15,21,-6,36,-0.4
national,5,7,-2,12,-0.4
north,17,24,-7,41,-0.4117647058823529
western,13,19,-6,32,-0.46153846153846156
indiana,2,3,-1,5,-0.5
adopted,2,3,-1,5,-0.5
publications,2,3,-1,5,-0.5
canadian,2,3,-1,5,-0.5
includes,2,3,-1,5,-0.5
global,2,3,-1,5,-0.5
page,2,3,-1,5,-0.5
numbers,2,3,-1,5,-0.5
nation,2,3,-1,5,-0.5
mx,2,3,-1,5,-0.5
frontiers,2,3,-1,5,-0.5
suriname,2,3,-1,5,-0.5
iowa,2,3,-1,5,-0.5
24,2,3,-1,5,-0.5
space,2,3,-1,5,-0.5
muslim,2,3,-1,5,-0.5
italians,2,3,-1,5,-0.5
angeles,2,3,-1,5,-0.5
retrieved,2,3,-1,5,-0.5
result,2,3,-1,5,-0.5
outer,2,3,-1,5,-0.5
observe,2,3,-1,5,-0.5
observance,2,3,-1,5,-0.5
benefit,2,3,-1,5,-0.5
went,2,3,-1,5,-0.5
protectorate,2,3,-1,5,-0.5
geos,2,3,-1,5,-0.5
certain,2,3,-1,5,-0.5
colony,8,12,-4,20,-0.5
variety,2,3,-1,5,-0.5
2011,2,3,-1,5,-0.5
type,2,3,-1,5,-0.5
california,10,15,-5,25,-0.5
given,2,3,-1,5,-0.5
bloomington,2,3,-1,5,-0.5
exchange,2,3,-1,5,-0.5
president,2,3,-1,5,-0.5
death,2,3,-1,5,-0.5
quest,2,3,-1,5,-0.5
university,8,12,-4,20,-0.5
regions,2,3,-1,5,-0.5
organise,2,3,-1,5,-0.5
anniversary,2,3,-1,5,-0.5
1540,2,3,-1,5,-0.5
today,2,3,-1,5,-0.5
practice,2,3,-1,5,-0.5
person,2,3,-1,5,-0.5
1992,2,3,-1,5,-0.5
months,2,3,-1,5,-0.5
dehumanise,2,3,-1,5,-0.5
renamed,2,3,-1,5,-0.5
exploration,4,6,-2,10,-0.5
louisiana,2,3,-1,5,-0.5
union,2,3,-1,5,-0.5
cities,2,3,-1,5,-0.5
labor,4,6,-2,10,-0.5
paraguay,4,6,-2,10,-0.5
race,4,6,-2,10,-0.5
white,4,6,-2,10,-0.5
library,4,6,-2,10,-0.5
killed,2,3,-1,5,-0.5
civilisations,14,22,-8,36,-0.5714285714285714
indian,7,11,-4,18,-0.5714285714285714
2006,5,8,-3,13,-0.6
día,5,8,-3,13,-0.6
territories,5,8,-3,13,-0.6
texas,5,8,-3,13,-0.6
colonisation,30,49,-19,79,-0.6333333333333333
colonised,11,18,-7,29,-0.6363636363636364
did,3,5,-2,8,-0.6666666666666666
10,3,5,-2,8,-0.6666666666666666
writes,3,5,-2,8,-0.6666666666666666
colonising,9,15,-6,24,-0.6666666666666666
hands,3,5,-2,8,-0.6666666666666666
estimate,3,5,-2,8,-0.6666666666666666
development,3,5,-2,8,-0.6666666666666666
colonise,3,5,-2,8,-0.6666666666666666
del,3,5,-2,8,-0.6666666666666666
east,6,10,-4,16,-0.6666666666666666
neighbouring,3,5,-2,8,-0.6666666666666666
centre,3,5,-2,8,-0.6666666666666666
black,3,5,-2,8,-0.6666666666666666
colonisers,17,29,-12,46,-0.7058823529411765
thomas,4,7,-3,11,-0.75
civilisation,8,14,-6,22,-0.75
followed,4,7,-3,11,-0.75
imperialism,4,7,-3,11,-0.75
australia,5,9,-4,14,-0.8
1996,1,2,-1,3,-1.0
days,1,2,-1,3,-1.0
cotton,1,2,-1,3,-1.0
1979,1,2,-1,3,-1.0
legalise,1,2,-1,3,-1.0
quantity,1,2,-1,3,-1.0
requested,1,2,-1,3,-1.0
motivated,1,2,-1,3,-1.0
dissertations,1,2,-1,3,-1.0
1989,1,2,-1,3,-1.0
honoring,1,2,-1,3,-1.0
resistance,1,2,-1,3,-1.0
symbolisation,1,2,-1,3,-1.0
specific,1,2,-1,3,-1.0
case,1,2,-1,3,-1.0
fourth,1,2,-1,3,-1.0
lack,1,2,-1,3,-1.0
peru,4,8,-4,12,-1.0
conversion,1,2,-1,3,-1.0
leaving,1,2,-1,3,-1.0
mount,1,2,-1,3,-1.0
account,1,2,-1,3,-1.0
abbas,1,2,-1,3,-1.0
88,1,2,-1,3,-1.0
controlled,1,2,-1,3,-1.0
rebuilt,1,2,-1,3,-1.0
percentage,1,2,-1,3,-1.0
level,1,2,-1,3,-1.0
santo,1,2,-1,3,-1.0
motivations,1,2,-1,3,-1.0
descubrimiento,1,2,-1,3,-1.0
diaries,1,2,-1,3,-1.0
descent,1,2,-1,3,-1.0
unsuccessful,1,2,-1,3,-1.0
kansas,1,2,-1,3,-1.0
temporary,1,2,-1,3,-1.0
just,1,2,-1,3,-1.0
html,1,2,-1,3,-1.0
scandinavian,1,2,-1,3,-1.0
99,1,2,-1,3,-1.0
deliverance,1,2,-1,3,-1.0
number,1,2,-1,3,-1.0
germans,1,2,-1,3,-1.0
paid,1,2,-1,3,-1.0
acquiring,1,2,-1,3,-1.0
age,1,2,-1,3,-1.0
kevin,1,2,-1,3,-1.0
industrialisation,1,2,-1,3,-1.0
overseas,1,2,-1,3,-1.0
20th,1,2,-1,3,-1.0
predominantly,1,2,-1,3,-1.0
effects,3,6,-3,9,-1.0
modelled,1,2,-1,3,-1.0
coloniality,1,2,-1,3,-1.0
oriental,1,2,-1,3,-1.0
written,1,2,-1,3,-1.0
workers,1,2,-1,3,-1.0
district,1,2,-1,3,-1.0
eschewing,1,2,-1,3,-1.0
community,1,2,-1,3,-1.0
isabella,1,2,-1,3,-1.0
initiating,1,2,-1,3,-1.0
resources,1,2,-1,3,-1.0
civilise,1,2,-1,3,-1.0
underdeveloped,1,2,-1,3,-1.0
phoenix,1,2,-1,3,-1.0
sul,1,2,-1,3,-1.0
influenza,1,2,-1,3,-1.0
standardised,1,2,-1,3,-1.0
sexualising,1,2,-1,3,-1.0
30,1,2,-1,3,-1.0
norwegian,1,2,-1,3,-1.0
precious,1,2,-1,3,-1.0
sepulcher,1,2,-1,3,-1.0
sheehan,1,2,-1,3,-1.0
strategies,1,2,-1,3,-1.0
school,1,2,-1,3,-1.0
impose,1,2,-1,3,-1.0
immigrants,1,2,-1,3,-1.0
murdered,1,2,-1,3,-1.0
classic,1,2,-1,3,-1.0
cut,1,2,-1,3,-1.0
david,3,6,-3,9,-1.0
2003,1,2,-1,3,-1.0
mato,1,2,-1,3,-1.0
1550,1,2,-1,3,-1.0
1825,3,6,-3,9,-1.0
maine,2,4,-2,6,-1.0
los,3,6,-3,9,-1.0
places,1,2,-1,3,-1.0
metal,1,2,-1,3,-1.0
argued,1,2,-1,3,-1.0
started,2,4,-2,6,-1.0
legitimised,1,2,-1,3,-1.0
organisation,2,4,-2,6,-1.0
gained,1,2,-1,3,-1.0
beliefs,2,4,-2,6,-1.0
legitimising,2,4,-2,6,-1.0
characterised,2,4,-2,6,-1.0
concerns,1,2,-1,3,-1.0
slavery,1,2,-1,3,-1.0
lead,1,2,-1,3,-1.0
calling,1,2,-1,3,-1.0
sion,1,2,-1,3,-1.0
labour,2,4,-2,6,-1.0
accomplished,1,2,-1,3,-1.0
proquest,1,2,-1,3,-1.0
marginalisation,1,2,-1,3,-1.0
occupied,1,2,-1,3,-1.0
return,1,2,-1,3,-1.0
histories,1,2,-1,3,-1.0
holy,1,2,-1,3,-1.0
categorise,1,2,-1,3,-1.0
totalled,1,2,-1,3,-1.0
journal,3,6,-3,9,-1.0
columbia,1,2,-1,3,-1.0
behaviour,1,2,-1,3,-1.0
sent,1,2,-1,3,-1.0
21,2,4,-2,6,-1.0
asia,3,6,-3,9,-1.0
making,1,2,-1,3,-1.0
writings,1,2,-1,3,-1.0
argentina,3,6,-3,9,-1.0
example,2,4,-2,6,-1.0
attempts,1,2,-1,3,-1.0
timeline,1,2,-1,3,-1.0
capital,2,4,-2,6,-1.0
prepare,1,2,-1,3,-1.0
goa,1,2,-1,3,-1.0
minnesota,2,4,-2,6,-1.0
sovereigns,1,2,-1,3,-1.0
suit,1,2,-1,3,-1.0
el,2,4,-2,6,-1.0
widespread,1,2,-1,3,-1.0
vermont,1,2,-1,3,-1.0
theme,1,2,-1,3,-1.0
near,1,2,-1,3,-1.0
recovery,1,2,-1,3,-1.0
decolonisation,8,16,-8,24,-1.0
arabs,1,2,-1,3,-1.0
1972,1,2,-1,3,-1.0
contexts,1,2,-1,3,-1.0
ways,1,2,-1,3,-1.0
16,1,2,-1,3,-1.0
legacy,1,2,-1,3,-1.0
harbour,1,2,-1,3,-1.0
games,1,2,-1,3,-1.0
york,1,2,-1,3,-1.0
130,1,2,-1,3,-1.0
2001,1,2,-1,3,-1.0
favoured,2,4,-2,6,-1.0
gov,2,4,-2,6,-1.0
hamandi,2,4,-2,6,-1.0
iberian,2,4,-2,6,-1.0
deadly,1,2,-1,3,-1.0
presidential,1,2,-1,3,-1.0
enslaved,1,2,-1,3,-1.0
tenant,1,2,-1,3,-1.0
declared,1,2,-1,3,-1.0
losses,1,2,-1,3,-1.0
christian,2,4,-2,6,-1.0
voted,1,2,-1,3,-1.0
roanoke,1,2,-1,3,-1.0
identification,1,2,-1,3,-1.0
undertake,1,2,-1,3,-1.0
fact,1,2,-1,3,-1.0
1700,1,2,-1,3,-1.0
75,1,2,-1,3,-1.0
faith,1,2,-1,3,-1.0
emphasised,1,2,-1,3,-1.0
jerusalem,5,11,-6,16,-1.2
society,4,9,-5,13,-1.25
parts,3,7,-4,10,-1.3333333333333333
comparative,3,7,-4,10,-1.3333333333333333
power,3,7,-4,10,-1.3333333333333333
proclamation,3,7,-4,10,-1.3333333333333333
upright,4,10,-6,14,-1.5
goal,2,5,-3,7,-1.5
contemporary,2,5,-3,7,-1.5
wisconsin,2,5,-3,7,-1.5
ultimate,2,5,-3,7,-1.5
pp,2,5,-3,7,-1.5
following,2,5,-3,7,-1.5
economic,3,8,-5,11,-1.6666666666666667
2019,4,11,-7,15,-1.75
studies,4,11,-7,15,-1.75
british,5,14,-9,19,-1.8
modern,2,6,-4,8,-2.0
grosso,1,3,-2,4,-2.0
11,1,3,-2,4,-2.0
newly,1,3,-2,4,-2.0
popular,1,3,-2,4,-2.0
carol,2,6,-4,8,-2.0
delaney,2,6,-4,8,-2.0
quebec,1,3,-2,4,-2.0
term,1,3,-2,4,-2.0
degrees,1,3,-2,4,-2.0
peter,1,3,-2,4,-2.0
diseases,1,3,-2,4,-2.0
federal,1,3,-2,4,-2.0
conquer,1,3,-2,4,-2.0
massive,1,3,-2,4,-2.0
doi,1,3,-2,4,-2.0
washington,1,3,-2,4,-2.0
rafael,1,3,-2,4,-2.0
jstor,1,3,-2,4,-2.0
eventually,1,3,-2,4,-2.0
benjamin,1,4,-3,5,-3.0
county,1,4,-3,5,-3.0
2009,1,5,-4,6,-4.0
vol,1,5,-4,6,-4.0
ed,1,5,-4,6,-4.0
list,1,7,-6,8,-6.0
gold,1,8,-7,9,-7.0
