word,times_added,times_removed,net_change,cluster
maldives,0,1,-1,0
dr,0,1,-1,0
owl,0,1,-1,0
guyana,0,1,-1,0
ukraine,0,1,-1,0
lithuania,0,1,-1,0
criminal,0,1,-1,0
probably,0,1,-1,0
age,0,1,-1,0
cirurgia,0,2,-2,0
estonia,0,1,-1,0
seychelles,0,1,-1,0
saker,0,2,-2,0
micronesia,0,1,-1,0
homoseksuelle,0,1,-1,0
islands,0,9,-9,0
albania,0,1,-1,0
nigeria,0,1,-1,0
yedim,1,1,0,0
dk,1,3,-2,0
aljazeera,1,1,0,0
cringegenderism,1,1,0,0
hays,1,1,0,0
justicia,1,1,0,0
timesofmalta,1,1,0,0
minneapolis,1,1,0,0
prohibition,1,1,0,0
party,0,1,-1,0
governor,0,1,-1,0
alliance,0,1,-1,0
trinidad,0,1,-1,0
enrollment,0,1,-1,0
croatia,0,1,-1,0
disorder,0,1,-1,0
stanu,0,1,-1,0
anti,0,2,-2,0
registry,0,1,-1,0
remove,0,1,-1,0
reports,0,1,-1,0
schools,0,2,-2,0
jun,1,1,0,0
herzegovina,0,1,-1,0
results,0,1,-1,0
wallis,0,1,-1,0
mt,0,2,-2,0
uio,0,1,-1,0
allanngortinneqarneranik,0,1,-1,0
district,0,3,-3,0
conducted,0,1,-1,0
idahopress,0,2,-2,0
publikasjoner,0,1,-1,0
chinese,0,3,-3,0
centre,0,1,-1,0
hate,1,2,-1,0
judge,1,3,-2,0
san,1,2,-1,0
noticias,1,2,-1,0
ccss,1,2,-1,0
vm,1,1,0,0
comparative,1,1,0,0
sizi,1,1,0,0
thenewslens,1,1,0,0
derechos,1,1,0,0
applies,1,0,1,0
release,1,2,-1,0
jn,1,1,0,0
backlash,1,1,0,0
view,1,3,-2,0
icelandmonitor,1,1,0,0
province,1,2,-1,0
las,1,1,0,0
australian,1,1,0,0
christine,1,1,0,0
proposals,1,1,0,0
transvestite,1,1,0,0
rommel,1,1,0,0
shy,1,0,1,0
decides,1,0,1,0
indian,1,2,-1,0
proposal,1,1,0,0
washingtonblade,1,1,0,0
giving,1,1,0,0
erin,1,1,0,0
taiwan,1,2,-1,0
derecognise,1,1,0,0
electroshock,1,1,0,0
torontosun,1,1,0,0
presentan,1,1,0,0
zevk,1,1,0,0
cambiar,1,1,0,0
constitutionally,1,1,0,0
apply,1,1,0,0
style,0,3,-3,0
link,1,2,-1,0
nextmedia,1,1,0,0
economic,1,2,-1,0
lmek,1,1,0,0
los,1,1,0,0
jamie,1,1,0,0
mely,1,1,0,0
plan,1,1,0,0
info,1,1,0,0
inline,1,1,0,0
look,1,1,0,0
lesbian,1,1,0,0
kyrgyzstan,0,1,-1,0
colombia,0,1,-1,0
aventuras,0,1,-1,0
dela,0,1,-1,0
conservative,0,2,-2,0
uganda,0,1,-1,0
attainments,0,1,-1,0
edward,0,1,-1,0
uploads,0,1,-1,0
greenlandic,0,1,-1,0
need,0,2,-2,0
zimbabwe,0,1,-1,0
sak,0,1,-1,0
jamaica,0,1,-1,0
canada,0,1,-1,0
widespread,0,2,-2,0
collapsible,0,2,-2,0
ruta,0,1,-1,0
forbes,0,2,-2,0
examinations,0,1,-1,0
martin,0,1,-1,0
academic,0,1,-1,0
artykuly,0,1,-1,0
sprawy,0,1,-1,0
explanation,0,1,-1,0
turkey,0,1,-1,0
french,0,3,-3,0
line,0,2,-2,0
applauded,0,1,-1,0
according,0,4,-4,0
feminist,0,1,-1,0
uzbekistan,0,1,-1,0
autonomy,0,5,-5,0
leone,0,1,-1,0
protects,0,1,-1,0
libya,0,1,-1,0
tome,0,1,-1,0
serbia,0,1,-1,0
particularly,0,1,-1,0
characteristics,0,6,-6,0
lanka,0,1,-1,0
generation,0,1,-1,0
germany,0,4,-4,0
ethiopia,0,1,-1,0
reproductiverights,0,1,-1,0
uol,0,1,-1,0
japan,0,1,-1,0
solomon,0,1,-1,0
azerbaijan,0,1,-1,0
educated,0,1,-1,0
punished,0,1,-1,0
greenland,0,3,-3,0
gibraltar,0,1,-1,0
office,0,1,-1,0
commons,0,1,-1,0
burkina,0,1,-1,0
training,0,1,-1,0
eswatini,0,1,-1,0
bodily,0,1,-1,0
bahamas,0,1,-1,0
urzad,0,1,-1,0
transsexuellengesetz,0,1,-1,0
oslo,0,1,-1,0
integrity,0,1,-1,0
council,0,1,-1,0
african,0,1,-1,0
unconstitutional,0,1,-1,0
sao,0,1,-1,0
conscription,0,2,-2,0
somaliland,0,1,-1,0
southern,0,1,-1,0
nevis,0,1,-1,0
federal,0,3,-3,0
exams,0,1,-1,0
protected,0,1,-1,0
arab,0,1,-1,0
fought,0,2,-2,0
tse,0,3,-3,0
almond,0,1,-1,0
mali,0,1,-1,0
kosovo,0,1,-1,0
parties,0,1,-1,0
cambodia,0,1,-1,0
futuna,0,1,-1,0
guinea,0,4,-4,0
cyprus,0,2,-2,0
hkfp,0,1,-1,0
orientation,0,1,-1,0
sascha,0,1,-1,0
icelandic,0,3,-3,0
performed,0,1,-1,0
division,1,1,0,0
singapore,0,1,-1,0
tunisia,0,1,-1,0
shtml,0,2,-2,0
invoke,0,2,-2,0
allows,0,1,-1,0
transnistria,0,1,-1,0
irreversible,0,1,-1,0
yi,0,1,-1,0
strongly,0,1,-1,0
netherlands,0,1,-1,0
latvia,0,1,-1,0
slovenia,0,1,-1,0
newsinfo,1,1,0,0
inquirer,1,1,0,0
projecto,1,1,0,0
cotw,1,1,0,0
pujol,1,1,0,0
child,1,2,-1,0
sejm,1,1,0,0
christian,1,1,0,0
ask,1,0,1,0
nodal,1,1,0,0
far,1,2,-1,0
ukpga,1,1,0,0
antivirus,1,1,0,0
issn,1,1,0,0
doesnt,1,1,0,0
stories,1,1,0,0
dosmanzanas,1,1,0,0
analysis,1,1,0,0
manitoba,1,2,-1,0
tranny,1,1,0,0
legifrance,1,1,0,0
allow,1,5,-4,0
kingdom,1,3,-2,0
britain,1,2,-1,0
foxnews,1,1,0,0
allafrica,1,1,0,0
constitution,1,1,0,0
votes,1,2,-1,0
north,1,3,-2,0
vietnam,1,2,-1,0
inquirerheadlines,1,1,0,0
gouv,1,1,0,0
careers,1,1,0,0
mbl,1,1,0,0
allowed,1,0,1,0
sadece,1,1,0,0
medicine,1,1,0,0
identidade,1,1,0,0
anatomically,1,0,1,0
endring,1,2,-1,0
marcos,1,1,0,0
changing,1,3,-2,0
epikairotita,1,1,0,0
born,1,0,1,0
teens,1,1,0,0
rook,1,1,0,0
ftikhar,1,1,0,0
macedonia,1,2,-1,0
mai,1,1,0,0
silvero,1,1,0,0
cbs,1,1,0,0
hudson,1,1,0,0
british,1,3,-2,0
research,1,2,-1,0
zeenews,1,1,0,0
way,1,2,-1,0
apresenta,1,1,0,0
rejects,1,0,1,0
vos,1,1,0,0
defines,1,0,1,0
network,1,1,0,0
illness,1,1,0,0
juridisk,1,2,-1,0
upress,1,1,0,0
legis,1,1,0,0
ustawy,1,1,0,0
passports,1,1,0,0
gaborone,1,1,0,0
cna,1,1,0,0
operaciones,1,2,-1,0
wish,0,1,-1,0
insane,1,1,0,0
commission,1,1,0,0
cidtexte,1,1,0,0
fight,1,2,-1,0
datos,1,1,0,0
small,1,1,0,0
fannies,1,1,0,0
bostock,1,0,1,0
procedure,1,5,-4,0
orospudur,1,1,0,0
department,1,1,0,0
av,1,2,-1,0
employment,1,2,-1,0
global,1,1,0,0
allied,1,1,0,0
pierre,1,1,0,0
sc,1,1,0,0
solutions,1,1,0,0
face,1,3,-2,0
landmark,1,3,-2,0
make,1,2,-1,0
ap,1,2,-1,0
easier,1,1,0,0
alirlae,1,1,0,0
esquerda,1,1,0,0
second,1,1,0,0
pakistans,1,1,0,0
attlm,1,1,0,0
concede,1,1,0,0
rlerdi,1,1,0,0
presiona,1,1,0,0
hk,1,1,0,0
publicwhip,1,1,0,0
discrimination,1,7,-6,0
hizo,1,1,0,0
art,1,1,0,0
consistent,1,1,0,0
materials,1,1,0,0
uruguay,1,2,-1,0
called,1,1,0,0
minnesota,1,1,0,0
solidarity,1,1,0,0
standing,1,1,0,0
umn,1,1,0,0
comes,1,1,0,0
dawn,1,1,0,0
edi,1,1,0,0
cringerights,1,1,0,0
nation,1,1,0,0
applied,1,2,-1,0
unidad,1,1,0,0
eidiseis,1,1,0,0
hankyoreh,1,1,0,0
suscriben,1,2,-1,0
vote,1,1,0,0
discussion,1,1,0,0
stortinget,1,3,-2,0
norway,1,6,-5,0
aid,1,1,0,0
better,1,1,0,0
longer,1,3,-2,0
currently,1,0,1,0
cases,1,3,-2,0
green,1,1,0,0
originals,1,1,0,0
multimedia,1,2,-1,0
dispatches,1,1,0,0
orthodox,1,1,0,0
iarchive,1,2,-1,0
london,1,1,0,0
documentviewer,1,1,0,0
estabelece,1,1,0,0
based,1,4,-3,0
ontario,1,2,-1,0
fox,1,1,0,0
attachments,1,1,0,0
lgbtq,1,2,-1,0
support,1,3,-2,0
going,1,1,0,0
tokyo,1,1,0,0
track,1,1,0,0
airport,1,1,0,0
comunidad,1,1,0,0
herent,1,0,1,0
katrina,1,1,0,0
vardirlar,1,1,0,0
grapevine,1,1,0,0
moi,1,1,0,0
swedish,1,1,0,0
sofia,1,1,0,0
changed,1,3,-2,0
ece,1,1,0,0
uzgodnieniu,1,1,0,0
greek,1,1,0,0
articles,1,1,0,0
pulse,1,1,0,0
intervention,1,1,0,0
lgp,1,1,0,0
celebrate,1,1,0,0
abuse,1,1,0,0
royal,1,2,-1,0
historic,1,1,0,0
customs,1,1,0,0
aug,1,1,0,0
head,1,0,1,0
attracted,1,1,0,0
travaux,1,1,0,0
lmi,1,1,0,0
transexuales,1,1,0,0
challenges,1,1,0,0
rules,1,4,-3,0
refuse,1,0,1,0
pi,1,1,0,0
fails,1,1,0,0
win,1,1,0,0
sexgenderapplicants,1,1,0,0
patients,1,1,0,0
archives,1,1,0,0
central,1,2,-1,0
grenada,1,2,-1,0
fiji,1,2,-1,0
housing,1,2,-1,0
activism,1,1,0,0
asp,1,2,-1,0
voices,0,1,-1,0
thetwo,1,1,0,0
anteproyecto,1,1,0,0
des,1,1,0,0
gub,1,1,0,0
citation,1,0,1,0
logical,1,1,0,0
silverio,1,1,0,0
v,1,0,1,0
obscura,1,1,0,0
instead,1,3,-2,0
accept,1,1,0,0
rtbf,1,1,0,0
sohu,0,3,-3,0
provide,0,1,-1,0
korea,0,4,-4,0
partners,0,2,-2,0
nordic,0,4,-4,0
guzman,0,1,-1,0
plci,0,1,-1,0
lambda,0,1,-1,0
order,0,1,-1,0
treatments,0,1,-1,0
besonderen,0,2,-2,0
wp,0,1,-1,0
sahara,0,1,-1,0
inunnik,0,1,-1,0
northern,0,2,-2,0
local,0,4,-4,0
bahrain,0,1,-1,0
gesetze,0,2,-2,0
spartacus,0,7,-7,0
rwanda,0,1,-1,0
educational,0,1,-1,0
eritrea,0,1,-1,0
ends,0,1,-1,0
belgium,0,1,-1,0
highlights,0,1,-1,0
tribunal,0,2,-2,0
yemen,0,1,-1,0
dominican,0,1,-1,0
education,0,4,-4,0
gigesc,0,2,-2,0
gazeta,0,1,-1,0
congo,0,2,-2,0
bhutan,0,1,-1,0
myanmar,0,1,-1,0
vatican,0,1,-1,0
universities,0,2,-2,0
russia,0,4,-4,0
cards,0,3,-3,0
verde,0,1,-1,0
cuba,0,1,-1,0
standards,0,1,-1,0
angola,0,1,-1,0
senegal,0,1,-1,0
za,0,2,-2,0
supports,0,1,-1,0
dorota,0,1,-1,0
struck,0,1,-1,0
kvenrettindafelag,0,1,-1,0
und,0,2,-2,0
development,0,1,-1,0
laos,0,1,-1,0
uniform,0,1,-1,0
principe,0,1,-1,0
spain,0,1,-1,0
sudan,0,2,-2,0
kitts,0,1,-1,0
horim,0,1,-1,0
hungary,0,3,-3,0
consultations,0,2,-2,0
infertil,0,1,-1,0
rico,0,1,-1,0
primeira,0,2,-2,0
monaco,0,1,-1,0
algeria,0,1,-1,0
activist,0,2,-2,0
jus,0,1,-1,0
faroe,0,1,-1,0
suin,0,1,-1,0
hairstyles,0,1,-1,0
surgical,0,1,-1,0
switzerland,0,1,-1,0
erna,0,1,-1,0
ktvb,0,3,-3,0
falkland,0,1,-1,0
sweden,0,4,-4,0
height,0,2,-2,0
inatsit,0,1,-1,0
won,0,3,-3,0
nowrap,0,1,-1,0
similar,0,1,-1,0
approach,0,1,-1,0
lower,0,1,-1,0
pillugu,0,2,-2,0
philippines,0,1,-1,0
certificates,0,3,-3,0
led,0,1,-1,0
samoa,0,2,-2,0
ocean,0,1,-1,0
artsakh,0,1,-1,0
classes,0,1,-1,0
korekta,0,1,-1,0
nalunaarsuiffik,0,1,-1,0
citizens,0,1,-1,0
isle,0,1,-1,0
qatar,0,1,-1,0
dialogue,0,1,-1,0
time,0,7,-7,0
zealand,0,1,-1,0
kazakhstan,0,1,-1,0
zambia,0,1,-1,0
imm,0,1,-1,0
ivory,0,1,-1,0
barbados,0,1,-1,0
mauritius,0,1,-1,0
morocco,0,1,-1,0
caledonia,0,1,-1,0
idaho,0,10,-10,0
marshall,0,1,-1,0
suriname,0,1,-1,0
gazetaprawna,0,1,-1,0
synet,0,1,-1,0
upholds,0,3,-3,0
relating,0,1,-1,0
venezuela,0,1,-1,0
outragemag,0,2,-2,0
total,0,1,-1,0
vks,0,2,-2,0
comoros,0,1,-1,0
djibouti,0,1,-1,0
makes,0,1,-1,0
namibia,0,1,-1,0
bulgaria,0,1,-1,0
infor,0,1,-1,0
kuwait,0,1,-1,0
winston,0,1,-1,0
europes,0,2,-2,0
belize,0,1,-1,0
saint,0,4,-4,0
lands,0,1,-1,0
msdc,0,2,-2,0
forcing,0,2,-2,0
term,47,47,0,0
trans,21,35,-14,0
italy,0,1,-1,0
providing,0,1,-1,0
puerto,0,1,-1,0
guiana,0,1,-1,0
spaces,0,1,-1,0
mozambique,0,1,-1,0
mbalib,0,2,-2,0
cayman,0,1,-1,0
union,0,1,-1,0
phl,0,2,-2,0
reportagem,0,1,-1,0
paraguay,0,1,-1,0
monitoring,0,1,-1,0
school,0,2,-2,0
bosnia,0,1,-1,0
syria,0,1,-1,0
vincent,0,1,-1,0
identified,0,1,-1,0
step,0,2,-2,0
socialdialogue,0,2,-2,0
text,0,2,-2,0
jamiewareham,0,1,-1,0
tdelo,0,1,-1,0
prawo,0,1,-1,0
main,0,1,-1,0
width,0,1,-1,0
survey,0,1,-1,0
mayotte,0,1,-1,0
segregation,0,1,-1,0
declines,0,2,-2,0
chad,0,2,-2,0
ossetia,0,1,-1,0
content,0,1,-1,0
malta,0,11,-11,0
por,0,1,-1,0
lambdalegal,0,2,-2,0
qitiusumik,0,1,-1,0
postpone,0,1,-1,0
recognized,0,3,-3,0
living,0,2,-2,0
jordan,0,1,-1,0
nepal,0,1,-1,0
icelands,0,1,-1,0
montenegro,0,1,-1,0
gayguide,0,2,-2,0
solberg,0,2,-2,0
shall,0,1,-1,0
somalia,0,1,-1,0
kiribati,0,1,-1,0
gesetz,0,2,-2,0
gambia,0,1,-1,0
panama,0,1,-1,0
mariana,0,1,-1,0
oman,0,1,-1,0
marino,0,1,-1,0
vornamen,0,2,-2,0
dominica,0,1,-1,0
foi,0,2,-2,0
states,0,5,-5,0
watch,0,1,-1,0
marker,0,1,-1,0
degrees,0,1,-1,0
washingtonpost,0,1,-1,0
danish,0,1,-1,0
roberto,0,2,-2,0
unanimously,0,1,-1,0
model,0,1,-1,0
difficult,0,1,-1,0
emirates,0,1,-1,0
holdningsskred,0,1,-1,0
lawsuit,0,2,-2,0
therapies,0,1,-1,0
peqqussut,0,1,-1,0
transfeminism,0,2,-2,0
inatsisit,0,1,-1,0
samorzad,0,1,-1,0
tobago,0,1,-1,0
class,0,3,-3,0
releases,0,2,-2,0
storting,0,2,-2,0
democratic,0,1,-1,0
activities,0,1,-1,0
der,0,4,-4,0
east,0,1,-1,0
hoppe,0,1,-1,0
update,0,1,-1,0
partial,0,4,-4,0
womens,0,1,-1,0
infertility,0,1,-1,0
timor,0,1,-1,0
treated,0,1,-1,0
arabia,0,1,-1,0
luhur,0,1,-1,0
proof,0,1,-1,0
biznes,0,1,-1,0
faso,0,1,-1,0
western,0,1,-1,0
ecuador,0,2,-2,0
staff,0,1,-1,0
liberia,0,1,-1,0
information,0,3,-3,0
wikitable,0,2,-2,0
bonaire,0,1,-1,0
organized,0,1,-1,0
tests,0,1,-1,0
courts,0,2,-2,0
table,0,1,-1,0
dormitories,0,1,-1,0
leaders,0,1,-1,0
nauru,0,1,-1,0
cabo,0,1,-1,0
abkhazia,0,1,-1,0
genital,0,1,-1,0
lgbtiq,0,1,-1,0
lesotho,0,1,-1,0
im,0,2,-2,0
reshenie,0,1,-1,0
turkmenistan,0,1,-1,0
peking,0,1,-1,0
sites,0,1,-1,0
hongkongfp,0,1,-1,0
procedury,0,1,-1,0
tanzania,0,1,-1,0
feststellung,0,2,-2,0
bathrooms,0,1,-1,0
iraq,0,1,-1,0
kenya,0,1,-1,0
x,0,1,-1,0
prawna,0,1,-1,0
gabon,0,1,-1,0
equatorial,0,1,-1,0
eustatius,0,1,-1,0
bg,0,1,-1,0
private,0,1,-1,0
lebanon,0,1,-1,0
afghanistan,0,1,-1,0
guam,0,1,-1,0
fisher,0,1,-1,0
sri,0,1,-1,0
liechtenstein,0,1,-1,0
listing,0,1,-1,0
malaysia,0,1,-1,0
indonesia,0,1,-1,0
poland,0,1,-1,0
cameroon,0,1,-1,0
burundi,0,1,-1,0
saudi,0,1,-1,0
osgk,0,2,-2,0
initiatives,0,1,-1,0
palau,0,1,-1,0
sterilisation,0,4,-4,0
na,0,1,-1,0
unacceptably,0,1,-1,0
requirement,0,3,-3,0
cooperation,0,1,-1,0
atuutilersinneqarnerannik,0,1,-1,0
sprawniej,0,1,-1,0
serwisy,0,1,-1,0
sint,0,1,-1,0
kalaallit,0,1,-1,0
israel,0,1,-1,0
brasil,0,2,-2,0
strong,0,1,-1,0
usually,0,2,-2,0
williamsinstitute,0,1,-1,0
niger,0,1,-1,0
dec,0,1,-1,0
documents,0,2,-2,0
benin,0,1,-1,0
military,0,2,-2,0
petitioning,0,2,-2,0
reproductic,0,2,-2,0
cn,0,1,-1,0
seekers,0,1,-1,0
antarctic,0,1,-1,0
virgin,0,2,-2,0
saba,0,1,-1,0
honduras,0,1,-1,0
decretos,0,1,-1,0
malawi,0,1,-1,0
korean,0,2,-2,0
nbcnews,0,1,-1,0
ucla,0,2,-2,0
haiti,0,1,-1,0
coast,0,1,-1,0
lose,0,1,-1,0
distinguish,0,1,-1,0
mauritania,0,1,-1,0
inherent,0,1,-1,0
kl,0,1,-1,0
beker,0,1,-1,0
madagascar,0,1,-1,0
austria,0,1,-1,0
nogueira,0,1,-1,0
students,0,2,-2,0
condenada,0,2,-2,0
implemented,0,1,-1,0
appearance,0,1,-1,0
pe,0,2,-2,0
brown,0,1,-1,0
special,0,1,-1,0
emphasizes,0,1,-1,0
student,0,1,-1,0
ones,0,1,-1,0
viewdocument,0,1,-1,0
ghana,0,1,-1,0
friendly,0,1,-1,0
mongolia,0,1,-1,0
papua,0,1,-1,0
speech,0,1,-1,0
internet,0,2,-2,0
sortable,0,1,-1,0
nicaragua,0,1,-1,0
toilets,0,1,-1,0
inatsisip,0,1,-1,0
die,0,4,-4,0
vital,0,1,-1,0
parents,0,1,-1,0
forum,0,1,-1,0
macau,0,1,-1,0
williams,0,1,-1,0
shame,0,1,-1,0
guatemala,0,1,-1,0
belarus,0,4,-4,0
zh,0,1,-1,0
changes,0,6,-6,0
final,0,1,-1,0
psychological,0,1,-1,0
justica,0,1,-1,0
nunaannut,0,1,-1,0
cpr,0,1,-1,0
portugal,0,1,-1,0
pela,0,2,-2,0
prohibits,0,1,-1,0
farina,0,2,-2,0
free,0,2,-2,0
trainings,0,1,-1,0
juriscol,0,1,-1,0
tajikistan,0,1,-1,0
tonga,0,1,-1,0
vanuatu,0,1,-1,0
appeal,0,1,-1,0
opinion,0,2,-2,0
asylum,0,1,-1,0
decision,0,4,-4,0
norwegian,0,2,-2,0
received,0,2,-2,0
uniforms,0,2,-2,0
adopted,0,4,-4,0
nbc,0,2,-2,0
polynesia,0,1,-1,0
tuvalu,0,1,-1,0
data,0,1,-1,0
institute,0,1,-1,0
sun,0,1,-1,0
bangladesh,0,1,-1,0
ruling,0,3,-3,0
legacy,0,2,-2,0
palestine,0,1,-1,0
armenia,0,1,-1,0
og,0,1,-1,0
attend,0,1,-1,0
grenadines,0,1,-1,0
alteration,0,3,-3,0
beginning,0,1,-1,0
bissau,0,1,-1,0
z,0,1,-1,0
ior,0,1,-1,0
li,0,1,-1,0
cywilnego,0,1,-1,0
permitted,1,33,-32,0
tsg,0,2,-2,0
andorra,0,1,-1,0
bermuda,0,1,-1,0
phtml,0,1,-1,0
violates,0,1,-1,0
icelandreview,0,1,-1,0
henry,0,3,-3,0
sierra,0,1,-1,0
collection,0,1,-1,0
czech,0,1,-1,0
martinique,0,1,-1,0
overruled,0,1,-1,0
means,4,4,0,0
pib,4,4,0,0
reader,4,4,0,0
introduction,4,4,0,0
labelled,4,4,0,0
juang,4,4,0,0
territory,4,5,-1,0
activists,4,4,0,0
difference,4,4,0,0
nurse,4,4,0,0
harry,4,4,0,0
michigan,4,4,0,0
thomas,4,4,0,0
salvador,4,5,-1,0
png,4,4,0,0
reassignments,4,4,0,0
adjective,4,4,0,0
books,4,4,0,0
word,4,4,0,0
political,4,5,-1,0
psychiatry,4,4,0,0
winters,4,4,0,0
k,4,4,0,0
intend,4,4,0,0
shows,4,4,0,0
encompass,4,4,0,0
framing,4,4,0,0
variant,4,4,0,0
hrw,4,5,-1,0
individual,4,5,-1,0
permanently,4,4,0,0
amendment,4,4,0,0
simply,4,4,0,0
imagining,4,4,0,0
cauldwell,4,4,0,0
permitting,4,4,0,0
rejection,4,4,0,0
j,4,4,0,0
statistics,4,5,-1,0
established,4,4,0,0
psychosocial,4,4,0,0
morbidity,4,4,0,0
taylor,4,5,-1,0
women,4,14,-10,0
virginia,4,4,0,0
requires,4,6,-2,0
medically,4,5,-1,0
bills,4,8,-4,0
scot,4,8,-4,0
sort,4,8,-4,0
constitute,4,4,0,0
norms,4,4,0,0
doctors,5,5,0,0
history,4,6,-2,0
discordance,4,4,0,0
coined,4,4,0,0
eds,4,4,0,0
serve,4,4,0,0
recognizes,4,4,0,0
act,4,24,-20,0
semi,4,4,0,0
year,5,5,0,0
decide,5,5,0,0
certificate,5,12,-7,0
net,5,5,0,0
oliven,4,4,0,0
automatically,5,5,0,0
haider,5,5,0,0
mentally,5,5,0,0
set,5,5,0,0
culturally,5,5,0,0
various,5,5,0,0
sexual,5,5,0,0
directly,5,5,0,0
volume,5,5,0,0
page,5,5,0,0
feel,5,6,-1,0
ethnography,5,5,0,0
adovcated,4,4,0,0
whittle,4,4,0,0
cover,4,4,0,0
available,4,4,0,0
duke,4,4,0,0
redirect,4,5,-1,0
guardian,4,4,0,0
legally,4,8,-4,0
clearly,4,4,0,0
introduced,4,7,-3,0
using,4,4,0,0
establish,4,4,0,0
included,4,6,-2,0
conasida,4,4,0,0
struggle,4,4,0,0
accords,4,4,0,0
communities,4,4,0,0
concept,4,4,0,0
behavior,4,4,0,0
routledge,4,4,0,0
human,4,6,-2,0
kelley,4,4,0,0
designed,4,4,0,0
concerning,4,4,0,0
typical,4,4,0,0
mental,4,5,-1,0
imposed,4,4,0,0
defending,3,3,0,0
backs,3,3,0,0
tend,3,3,0,0
ep,3,6,-3,0
fifth,3,3,0,0
formally,4,4,0,0
richard,4,4,0,0
intersex,4,6,-2,0
elmundo,4,5,-1,0
international,4,8,-4,0
studies,4,4,0,0
diverse,4,4,0,0
brazil,3,5,-2,0
today,4,4,0,0
shannon,4,4,0,0
minter,4,4,0,0
john,4,4,0,0
hormone,4,4,0,0
disabled,4,4,0,0
iran,4,5,-1,0
paisley,4,4,0,0
va,4,4,0,0
essays,4,4,0,0
employ,4,4,0,0
clinics,4,4,0,0
approved,3,3,0,0
accessdate,3,3,0,0
china,3,7,-4,0
una,3,3,0,0
description,3,6,-3,0
entering,3,3,0,0
thelogicalindian,3,3,0,0
wort,3,3,0,0
ca,3,3,0,0
variation,3,3,0,0
index,3,7,-4,0
statistical,3,3,0,0
agender,3,3,0,0
star,4,5,-1,0
south,3,14,-11,0
pl,3,4,-1,0
marriage,3,3,0,0
magazine,3,6,-3,0
binary,3,3,0,0
appi,3,3,0,0
sexo,3,4,-1,0
benefiting,3,3,0,0
literature,3,3,0,0
question,3,3,0,0
africa,3,7,-4,0
national,3,4,-1,0
permanent,4,4,0,0
policy,4,4,0,0
benjamin,4,4,0,0
hormonal,4,5,-1,0
illustrates,4,4,0,0
svg,4,10,-6,0
evaluation,4,4,0,0
mortality,4,4,0,0
hrt,4,3,1,0
diputados,4,5,-1,0
official,4,5,-1,0
psychobiology,4,4,0,0
currah,4,4,0,0
arlington,4,4,0,0
promote,4,5,-1,0
observers,4,4,0,0
madness,4,4,0,0
employed,4,4,0,0
benefit,4,4,0,0
conforming,4,4,0,0
pioneered,4,4,0,0
gay,4,9,-5,0
given,4,4,0,0
edited,4,4,0,0
transgendered,4,4,0,0
understand,4,4,0,0
theguardian,4,5,-1,0
srs,4,3,1,0
para,4,5,-1,0
politics,4,4,0,0
physical,4,9,-5,0
inconsistent,4,4,0,0
york,4,4,0,0
natal,4,4,0,0
implications,4,5,-1,0
sufficient,4,4,0,0
retrieved,4,4,0,0
adoption,4,4,0,0
individually,4,4,0,0
bbc,5,5,0,0
necessary,4,5,-1,0
camara,4,4,0,0
organization,4,4,0,0
practitioners,4,4,0,0
court,4,13,-9,0
nic,4,4,0,0
academy,4,4,0,0
el,4,6,-2,0
accepted,4,4,0,0
explicit,4,4,0,0
dignity,4,4,0,0
passes,4,6,-2,0
align,12,19,-7,0
parliament,11,20,-9,0
ley,11,11,0,0
march,12,19,-7,0
identify,12,12,0,0
subset,12,12,0,0
popularized,12,12,0,0
category,12,13,-1,0
id,12,15,-3,0
center,12,21,-9,0
diagnosis,12,15,-3,0
newspaper,12,4,8,0
social,12,14,-2,0
es,11,11,0,0
dysphoria,12,13,-1,0
non,12,13,-1,0
groups,12,12,0,0
resources,13,15,-2,0
person,13,16,-3,0
surgery,13,20,-7,0
author,13,8,5,0
october,13,16,-3,0
associated,14,16,-2,0
lgbt,14,21,-7,0
gendercentre,14,14,0,0
december,14,19,-5,0
m,10,10,0,0
required,9,14,-5,0
t,9,11,-2,0
february,10,15,-5,0
flagicon,10,15,-5,0
assigned,10,12,-2,0
care,10,10,0,0
seven,10,10,0,0
sheets,10,10,0,0
psychiatric,10,12,-2,0
e,10,10,0,0
university,10,12,-2,0
recognize,10,12,-2,0
article,14,13,1,0
woman,10,10,0,0
uk,10,10,0,0
html,10,16,-6,0
europe,10,18,-8,0
dsm,10,10,0,0
use,10,11,-1,0
isbn,11,11,0,0
htm,11,11,0,0
world,11,18,-7,0
cr,11,12,-1,0
role,11,11,0,0
generally,11,11,0,0
language,21,30,-9,0
togo,0,1,-1,0
counter,0,1,-1,0
blog,0,5,-5,0
mudanca,0,1,-1,0
subdivision,0,3,-3,0
majors,0,1,-1,0
cook,0,1,-1,0
drops,0,2,-2,0
aventurasnahistoria,0,1,-1,0
moldova,0,1,-1,0
confirms,0,1,-1,0
burdensome,0,1,-1,0
talkuvatelni,0,1,-1,0
april,22,29,-7,0
september,23,27,-4,0
november,27,31,-4,0
january,27,28,-1,0
transsexualism,27,27,0,0
publisher,29,38,-9,0
june,30,40,-10,0
change,34,39,-5,0
sex,34,55,-21,0
law,36,50,-14,0
recognition,37,55,-18,0
meadow,40,40,0,0
countries,17,23,-6,0
fact,14,14,0,0
work,15,31,-16,0
birth,15,28,-13,0
s,15,30,-15,0
persons,16,16,0,0
n,16,54,-38,0
stryker,16,16,0,0
considered,16,15,1,0
transgenderism,16,16,0,0
new,16,22,-6,0
int,16,16,0,0
en,17,29,-12,0
gov,9,14,-5,0
au,18,18,0,0
american,18,19,-1,0
colspan,18,26,-8,0
health,19,21,-2,0
dead,19,22,-3,0
july,19,20,-1,0
icd,19,19,0,0
dog,20,20,0,0
voted,0,1,-1,0
brunei,0,1,-1,0
travel,0,7,-7,0
guadeloupe,0,1,-1,0
civil,6,7,-1,0
modifications,5,5,0,0
processes,5,5,0,0
david,5,5,0,0
press,6,12,-6,0
journal,6,8,-2,0
slovakia,6,13,-7,0
thailand,6,7,-1,0
expression,6,14,-8,0
br,6,9,-3,0
luxembourg,6,7,-1,0
treatment,6,8,-2,0
government,6,7,-1,0
typically,5,4,1,0
gaystarnews,6,1,5,0
dates,6,6,0,0
practice,6,23,-17,0
assignment,6,6,0,0
reassignment,6,13,-7,0
dmy,6,6,0,0
genero,6,7,-1,0
pt,6,7,-1,0
varies,6,11,-5,0
country,7,10,-3,0
therapy,7,10,-3,0
pending,7,7,0,0
healthcare,5,8,-3,0
incorporate,5,5,0,0
proyecto,5,6,-1,0
aspects,5,5,0,0
matters,5,5,0,0
subsequent,5,5,0,0
markel,5,5,0,0
d,5,5,0,0
asamblea,5,5,0,0
reuters,5,8,-3,0
identification,5,10,-5,0
forward,5,7,-2,0
peru,5,6,-1,0
association,7,11,-4,0
used,5,5,0,0
qcostarica,5,5,0,0
india,5,7,-2,0
gouvernement,5,5,0,0
reform,5,8,-3,0
tied,5,5,0,0
prsindia,5,5,0,0
bodies,5,5,0,0
card,5,5,0,0
said,5,4,1,0
latest,5,9,-4,0
ilga,5,9,-4,0
conform,8,8,0,0
pages,8,10,-2,0
identities,8,8,0,0
book,8,8,0,0
prince,8,8,0,0
susan,8,8,0,0
don,8,8,0,0
meyerowitz,8,8,0,0
umbrella,8,8,0,0
issue,8,8,0,0
body,8,8,0,0
self,8,13,-5,0
legend,8,9,-1,0
valentine,8,8,0,0
bevan,8,8,0,0
sidebar,9,9,0,0
archived,9,1,8,0
unknown,9,39,-30,0
services,9,9,0,0
p,9,10,-1,0
copy,9,1,8,0
la,9,10,-1,0
transsexuals,9,9,0,0
individuals,9,11,-2,0
entity,9,9,0,0
identidad,9,9,0,0
scotland,7,14,-7,0
c,7,8,-1,0
location,7,8,-1,0
jurisdictions,7,8,-1,0
categories,7,7,0,0
l,7,7,0,0
aspx,7,9,-2,0
hong,7,15,-8,0
issues,7,8,-1,0
laws,7,10,-3,0
sterilization,7,24,-17,0
kong,7,15,-8,0
lu,7,7,0,0
lesterfeder,1,1,0,0
file,7,13,-6,0
roles,7,7,0,0
reject,7,10,-3,0
community,7,7,0,0
medical,7,9,-2,0
incongruence,7,8,-1,0
protection,8,8,0,0
broader,8,8,0,0
movement,8,16,-8,0
alegria,8,8,0,0
possible,8,7,1,0
abolishing,1,1,0,0
siktiriin,1,1,0,0
georgia,1,1,0,0
learn,1,1,0,0
cbnnews,1,1,0,0
firstnews,1,1,0,0
church,1,1,0,0
bolivia,1,2,-1,0
causes,1,1,0,0
incorrect,1,1,0,0
propensity,1,1,0,0
united,1,7,-6,0
yahoo,1,1,0,0
sainty,1,1,0,0
haga,1,2,-1,0
religion,1,1,0,0
poselski,1,1,0,0
comunicacion,1,1,0,0
greatly,1,2,-1,0
equal,1,1,0,0
meaningless,1,1,0,0
format,1,1,0,0
hl,1,1,0,0
projects,1,2,-1,0
criminalized,1,2,-1,0
county,1,0,1,0
adopts,1,4,-3,0
process,1,1,0,0
del,1,1,0,0
decreto,1,3,-2,0
kti,1,1,0,0
reconocimiento,1,1,0,0
romania,1,2,-1,0
sections,1,1,0,0
siktim,1,1,0,0
accepts,1,1,0,0
evlatliktan,1,1,0,0
positiveimpactmagazine,1,1,0,0
desire,1,1,0,0
lov,1,2,-1,0
search,1,1,0,0
polands,1,1,0,0
review,1,2,-1,0
independent,1,1,0,0
campaign,1,1,0,0
americas,1,1,0,0
zee,1,1,0,0
include,1,1,0,0
federation,1,1,0,0
bermekten,1,1,0,0
transformation,1,1,0,0
worlds,1,1,0,0
lgbti,2,3,-1,0
commentisfree,1,1,0,0
colombias,1,1,0,0
areas,1,3,-2,0
opposed,1,1,0,0
wareham,1,1,0,0
idproposicao,2,2,0,0
just,2,4,-2,0
proposicoesweb,2,2,0,0
agency,2,4,-2,0
legislation,2,2,0,0
state,2,2,0,0
corporation,2,2,0,0
tait,1,1,0,0
bans,2,3,-1,0
leading,2,5,-3,0
delusions,2,2,0,0
widely,3,3,0,0
abc,2,2,0,0
equality,2,3,-1,0
asambleanacional,2,2,0,0
hi,2,2,0,0
printrelease,2,2,0,0
broadcasting,2,2,0,0
sin,2,2,0,0
service,2,2,0,0
junio,1,1,0,0
sid,1,1,0,0
cambio,1,2,-1,0
consequently,1,0,1,0
case,1,4,-3,0
trate,1,1,0,0
trust,1,1,0,0
views,1,1,0,0
equalityhumanrights,1,1,0,0
sapo,1,1,0,0
amends,1,1,0,0
buzzwords,1,1,0,0
cis,1,1,0,0
groom,1,1,0,0
barford,1,1,0,0
city,1,2,-1,0
animals,1,1,0,0
austlii,1,1,0,0
reason,1,0,1,0
believe,1,1,0,0
ki,1,1,0,0
needed,1,0,1,0
sterilizing,1,0,1,0
ante,1,1,0,0
lane,1,1,0,0
lanesainty,1,1,0,0
projekt,1,1,0,0
washington,1,1,0,0
norways,1,1,0,0
bi,1,1,0,0
grant,1,0,1,0
iniciativa,1,1,0,0
thehindu,1,1,0,0
prs,1,1,0,0
feb,1,1,0,0
publicada,1,1,0,0
haklarl,1,1,0,0
uy,1,1,0,0
haudhry,1,1,0,0
cljlaw,1,1,0,0
recognise,1,1,0,0
bo,1,1,0,0
vanessa,1,1,0,0
officers,1,1,0,0
judges,1,1,0,0
good,1,1,0,0
ban,1,8,-7,0
needn,1,1,0,0
shanghaidaily,1,1,0,0
om,1,2,-1,0
chile,1,2,-1,0
group,1,1,0,0
gr,1,1,0,0
australia,1,2,-1,0
lens,1,1,0,0
scribd,1,1,0,0
jstor,1,1,0,0
wcm,1,1,0,0
feature,1,1,0,0
viewing,1,1,0,0
english,1,3,-2,0
applicable,1,1,0,0
subjected,1,1,0,0
abs,1,1,0,0
atlas,1,1,0,0
paper,1,1,0,0
redd,1,1,0,0
bulletin,1,1,0,0
len,1,1,0,0
elpais,1,1,0,0
series,1,1,0,0
ru,1,1,0,0
cringe,1,1,0,0
behaved,1,1,0,0
robert,1,1,0,0
ministry,1,1,0,0
examintions,1,1,0,0
thestar,1,1,0,0
ruled,1,2,-1,0
code,1,1,0,0
cringesexualism,1,1,0,0
clayton,1,0,1,0
delusion,1,1,0,0
parlament,1,1,0,0
takes,1,1,0,0
hu,1,1,0,0
discordapp,1,1,0,0
esther,1,1,0,0
story,1,1,0,0
minor,1,1,0,0
legarda,1,1,0,0
life,1,2,-1,0
got,1,1,0,0
nsw,1,1,0,0
number,1,2,-1,0
cringesidebar,1,1,0,0
yoktur,1,1,0,0
transgenders,1,1,0,0
protecting,1,2,-1,0
projeto,1,1,0,0
rodrigues,1,1,0,0
mazzini,1,1,0,0
sas,1,1,0,0
matthew,1,1,0,0
personas,1,1,0,0
controversial,1,1,0,0
japaneselawtranslation,1,1,0,0
invasive,1,1,0,0
affichtexte,1,1,0,0
actualidad,1,1,0,0
item,1,1,0,0
bunlarin,1,1,0,0
period,1,1,0,0
outlaws,1,1,0,0
legabibo,1,1,0,0
texas,1,1,0,0
neurosis,1,1,0,0
intergroup,2,3,-1,0
speaking,1,1,0,0
exploit,1,1,0,0
igualdad,1,1,0,0
vargas,1,1,0,0
economist,1,1,0,0
infertile,1,0,1,0
newspapers,1,1,0,0
npr,1,1,0,0
centered,1,1,0,0
diddling,1,1,0,0
quer,1,1,0,0
categorielien,1,1,0,0
hoy,3,3,0,0
nonbinary,3,4,-1,0
expressions,3,3,0,0
anna,3,3,0,0
stm,3,4,-1,0
senado,3,3,0,0
exclude,3,3,0,0
impossible,3,7,-4,0
necesita,3,3,0,0
descriptions,3,3,0,0
iceland,3,11,-8,0
tgeu,3,5,-2,0
replacing,3,3,0,0
algo,3,3,0,0
especially,3,3,0,0
socially,3,3,0,0
costa,3,4,-1,0
ireland,3,3,0,0
understanding,3,3,0,0
polygender,3,3,0,0
mcp,3,3,0,0
including,3,5,-2,0
edition,3,3,0,0
thumb,3,3,0,0
hdl,3,3,0,0
leyes,3,3,0,0
post,3,3,0,0
egypt,2,4,-2,0
illegal,2,3,-1,0
witnesses,2,2,0,0
argentina,2,4,-2,0
house,2,3,-1,0
ionline,2,2,0,0
vancouver,2,3,-1,0
denmark,2,7,-5,0
affirming,2,5,-3,0
importante,3,3,0,0
genders,3,3,0,0
procedures,3,3,0,0
transsexuality,3,3,0,0
require,3,3,0,0
approves,3,3,0,0
pdf,3,6,-3,0
children,3,4,-1,0
manual,3,3,0,0
cedula,3,3,0,0
regarding,3,3,0,0
replaced,3,3,0,0
publishing,3,3,0,0
greece,3,4,-1,0
family,3,3,0,0
designation,3,3,0,0
facilitates,3,3,0,0
scmp,3,3,0,0
partner,3,3,0,0
traditional,3,3,0,0
insurance,3,3,0,0
map,3,4,-1,0
parl,3,3,0,0
fmln,3,3,0,0
billtrack,3,3,0,0
gs,3,1,2,0
que,3,4,-1,0
breadth,3,3,0,0
costarica,3,3,0,0
gob,3,3,0,0
men,3,5,-2,0
genderqueer,3,3,0,0
se,3,3,0,0
cispes,3,3,0,0
conversion,3,6,-3,0
lei,3,3,0,0
degree,3,3,0,0
amnesty,3,6,-3,0
security,3,3,0,0
terms,3,3,0,0
pakistan,3,5,-2,0
diagnostic,3,3,0,0
anneleri,3,3,0,0
disorders,3,3,0,0
outside,3,3,0,0
signed,3,6,-3,0
provided,3,4,-1,0
making,3,6,-3,0
doi,3,3,0,0
times,3,6,-3,0
cl,3,3,0,0
greater,3,3,0,0
cringesexual,3,3,0,0
crear,3,3,0,0
php,3,3,0,0
r,3,3,0,0
pangender,3,3,0,0
red,3,2,1,0
du,3,3,0,0
ill,3,3,0,0
periodical,3,0,3,0
rica,3,4,-1,0
proponen,3,3,0,0
hell,3,3,0,0
ec,3,2,1,0
reglamentos,3,3,0,0
victory,3,1,2,0
globally,3,3,0,0
defacto,2,4,-2,0
major,2,2,0,0
media,2,2,0,0
high,2,2,0,0
outright,2,2,0,0
action,2,2,0,0
istscare,2,2,0,0
right,2,7,-5,0
changement,2,2,0,0
etiquetas,2,2,0,0
cccccc,2,2,0,0
stage,2,4,-2,0
gc,2,2,0,0
cringegender,2,2,0,0
jennifer,2,1,1,0
ecuadortimes,2,2,0,0
eu,2,5,-3,0
toronto,2,5,-3,0
teni,2,2,0,0
recognised,2,4,-2,0
buzzfeed,2,2,0,0
biological,2,2,0,0
ambiguous,2,2,0,0
report,2,2,0,0
continue,2,0,2,0
committee,2,2,0,0
morning,2,2,0,0
y,2,2,0,0
cbc,2,2,0,0
refugee,2,2,0,0
nbsp,2,8,-6,0
mexico,2,3,-1,0
parlamento,2,2,0,0
mp,2,2,0,0
waseda,2,2,0,0
fichadetramitacao,2,2,0,0
france,2,3,-1,0
jeff,2,1,1,0
minors,2,2,0,0
sinetiquetas,2,2,0,0
fr,2,2,0,0
society,2,2,0,0
grodzka,2,2,0,0
newsite,2,2,0,0
finland,2,10,-8,0
newstatesman,2,2,0,0
anos,2,2,0,0
says,2,2,0,0
hc,2,2,0,0
si,2,2,0,0
daily,2,2,0,0
form,2,2,0,0
euronews,2,2,0,0
aos,2,2,0,0
apple,2,2,0,0
sociedad,2,2,0,0
lgtb,2,2,0,0
female,2,5,-3,0
assent,2,3,-1,0
goes,2,2,0,0
botswana,2,3,-1,0
apnews,2,3,-1,0
o,2,2,0,0
direito,2,2,0,0
effect,2,2,0,0
ni,2,2,0,0
jp,2,2,0,0
complex,2,19,-17,0
hungarian,2,2,0,0
enacted,2,3,-1,0
attraction,2,2,0,0
relid,2,2,0,0
short,2,2,0,0
actual,2,2,0,0
public,2,4,-2,0
lgbtqnation,2,2,0,0
passed,2,8,-6,0
permitir,2,2,0,0
al,2,2,0,0
transvestism,2,2,0,0
male,2,5,-3,0
slovak,2,4,-2,0
pinknews,2,2,0,0
edu,2,3,-1,0
pravda,2,2,0,0
european,2,4,-2,0
cabinet,2,3,-1,0
doc,2,4,-2,0
exam,2,2,0,0
tw,2,2,0,0
legality,2,19,-17,0
files,2,2,0,0
detalle,2,2,0,0
check,2,7,-5,0
legisinfo,2,2,0,0
pginas,2,2,0,0
say,2,2,0,0
monitor,2,2,0,0
unclear,2,32,-30,0
republic,2,5,-3,0
finnish,2,0,2,0
option,2,3,-1,0
flag,3,236,-233,1
yes,7,95,-88,1
legal,57,152,-95,1
prohibited,2,105,-103,1
transsexual,61,57,4,2
cite,33,69,-36,2
news,45,72,-27,2
identity,55,76,-21,2
com,56,73,-17,2
transgender,186,223,-37,2
mow,60,60,0,2
went,60,60,0,2
man,137,139,-2,2
rights,65,95,-30,2
august,71,72,-1,2
title,75,111,-36,2
people,80,92,-12,2
live,86,91,-5,2
status,127,146,-19,2
gender,134,201,-67,2
