word,times_added,times_removed,net_change,absolute_change
americas,62,64,-2,126
america,59,59,0,118
european,53,55,-2,108
new,47,51,-4,98
spanish,43,50,-7,93
century,39,37,2,76
american,38,43,-5,81
north,33,36,-3,69
colonies,32,33,-1,65
indigenous,25,26,-1,51
caribbean,23,26,-3,49
norse,22,20,2,42
slaves,22,24,-2,46
1492,22,22,0,44
thumb,21,25,-4,46
columbus,21,22,-1,43
population,21,20,1,41
colonization,21,22,-1,43
people,20,21,-1,41
canada,20,19,1,39
000,19,24,-5,43
present,19,21,-2,40
world,18,19,-1,37
settlement,17,18,-1,35
england,16,15,1,31
spain,16,18,-2,34
native,16,16,0,32
slave,16,20,-4,36
south,16,18,-2,34
kingdom,16,16,0,32
west,16,15,1,31
early,15,15,0,30
voyages,15,15,0,30
later,15,16,-1,31
islands,15,16,-1,31
brazil,15,15,0,30
empire,15,20,-5,35
history,14,15,-1,29
western,14,18,-4,32
french,14,15,-1,29
large,13,14,-1,27
land,13,13,0,26
europeans,13,14,-1,27
greenland,13,13,0,26
colony,13,14,-1,27
united,13,17,-4,30
million,13,13,0,26
trade,13,14,-1,27
known,13,12,1,25
europe,13,14,-1,27
colonial,12,13,-1,25
states,12,16,-4,28
day,12,14,-2,26
populations,12,13,-1,25
contact,12,12,0,24
exchange,12,12,0,24
disease,12,12,0,24
economic,12,12,0,24
newfoundland,11,10,1,21
claimed,11,12,-1,23
columbian,11,11,0,22
france,11,11,0,22
british,11,11,0,22
slavery,11,11,0,22
including,10,10,0,20
conquest,10,11,-1,21
hispaniola,10,11,-1,21
atlantic,10,11,-1,21
control,10,10,0,20
english,10,10,0,20
eastern,10,11,-1,21
peoples,10,10,0,20
founded,10,12,-2,22
mexico,10,12,-2,22
dutch,10,10,0,20
conquered,10,11,-1,21
porn,10,10,0,20
virginia,10,10,0,20
growth,9,9,0,18
settled,9,8,1,17
francisco,9,11,-2,20
period,9,9,0,18
expedition,9,11,-2,20
portugal,9,9,0,18
coast,9,10,-1,19
labor,9,9,0,18
16th,9,9,0,18
power,9,9,0,18
human,8,8,0,16
john,8,9,-1,17
exploration,8,8,0,16
african,8,8,0,16
reached,8,8,0,16
christopher,8,9,-1,17
portuguese,8,10,-2,18
age,8,8,0,16
life,8,8,0,16
eventually,8,8,0,16
historical,8,8,0,16
1815,8,8,0,16
leading,7,7,0,14
indians,7,9,-2,16
led,7,6,1,13
discovery,7,7,0,14
began,7,8,-1,15
site,7,7,0,14
cuba,7,8,-1,15
continents,7,7,0,14
left,7,8,-1,15
puerto,7,9,-2,16
evidence,7,7,0,14
region,7,7,0,14
powers,7,7,0,14
religious,7,6,1,13
east,7,8,-1,15
number,7,7,0,14
laws,7,7,0,14
came,7,7,0,14
colonized,7,7,0,14
lands,7,7,0,14
indies,7,7,0,14
city,7,11,-4,18
1763,7,7,0,14
political,7,7,0,14
established,7,8,-1,15
saint,7,8,-1,15
david,7,7,0,14
settlements,6,5,1,11
colonists,6,6,0,12
treaty,6,6,0,12
oceanic,6,6,0,12
eltis,6,6,0,12
ocean,6,6,0,12
1607,6,6,0,12
1954,6,6,0,12
various,6,4,2,10
enslavement,6,6,0,12
german,6,10,-4,16
forced,6,6,0,12
central,6,5,1,11
scotland,6,5,1,11
died,6,10,-4,16
areas,6,7,-1,13
rico,6,7,-1,13
florida,6,9,-3,15
netherlands,6,6,0,12
50,6,6,0,12
ending,6,7,-1,13
eurasian,6,7,-1,13
changes,6,6,0,12
sint,6,6,0,12
2007,6,6,0,12
james,6,6,0,12
aztecs,6,7,-1,13
set,6,5,1,11
years,6,6,0,12
black,6,6,0,12
following,6,6,0,12
local,6,6,0,12
italian,6,10,-4,16
rate,6,6,0,12
diseases,6,6,0,12
plant,6,6,0,12
year,6,6,0,12
grew,6,6,0,12
era,6,7,-1,13
trans,6,6,0,12
15th,6,6,0,12
small,6,6,0,12
animal,5,5,0,10
natural,5,4,1,9
hernán,5,6,-1,11
transatlantic,5,5,0,10
rapid,5,5,0,10
darien,5,5,0,10
soto,5,8,-3,13
nova,5,5,0,10
louisiana,5,7,-2,12
indian,5,5,0,10
settlers,5,5,0,10
animals,5,5,0,10
culture,5,5,0,10
developed,5,6,-1,11
spaniards,5,8,-3,13
conquistador,5,6,-1,11
landed,5,5,0,10
loss,5,5,0,10
meadows,5,5,0,10
roman,5,6,-1,11
included,5,5,0,10
19th,5,5,0,10
southern,5,5,0,10
institutions,5,5,0,10
territories,5,5,0,10
short,5,5,0,10
cortés,5,6,-1,11
aux,5,5,0,10
servants,5,5,0,10
food,5,5,0,10
landscape,5,5,0,10
fake,5,3,2,8
vinland,5,4,1,9
anse,5,5,0,10
armour,5,6,-1,11
aztec,5,7,-2,12
1513,5,6,-1,11
texas,5,8,-3,13
post,5,5,0,10
scale,5,6,-1,11
work,5,6,-1,11
territorial,5,5,0,10
explorer,5,6,-1,11
sponsored,5,5,0,10
1814,5,5,0,10
charles,5,4,1,9
hemisphere,5,5,0,10
pizarro,5,6,-1,11
wealth,5,5,0,10
governments,5,5,0,10
1794,4,4,0,8
caused,4,4,0,8
dominican,4,5,-1,9
permanent,4,5,-1,9
great,4,4,0,8
1651,4,4,0,8
500,4,6,-2,10
real,4,4,0,8
afro,4,4,0,8
beginning,4,4,0,8
norwegian,4,4,0,8
death,4,4,0,8
1636,4,4,0,8
use,4,4,0,8
captured,4,4,0,8
inhabited,4,6,-2,10
jamestown,4,4,0,8
followed,4,4,0,8
león,4,5,-1,9
1650,4,4,0,8
1760,4,4,0,8
rule,4,3,1,7
languages,4,4,0,8
fought,4,6,-2,10
norway,4,4,0,8
battle,4,6,-2,10
crown,4,4,0,8
americans,4,5,-1,9
1634,4,4,0,8
natives,4,4,0,8
1519,4,5,-1,9
widespread,4,4,0,8
nations,4,4,0,8
núñez,4,5,-1,9
went,4,4,0,8
indentured,4,4,0,8
coastal,4,4,0,8
men,4,5,-1,9
expansion,4,4,0,8
pre,4,4,0,8
time,4,4,0,8
fell,4,6,-2,10
mabila,4,6,-2,10
scheme,4,4,0,8
alabama,4,6,-2,10
guiana,4,6,-2,10
based,4,4,0,8
1665,4,4,0,8
exhibition,4,4,0,8
tribes,4,4,0,8
viceroyalty,4,7,-3,11
hemispheres,4,4,0,8
imported,4,4,0,8
oof,4,4,0,8
took,4,4,0,8
cabot,4,5,-1,9
dependencies,4,4,0,8
style,4,5,-1,9
la,4,4,0,8
1783,4,4,0,8
1540,4,5,-1,9
eustatius,4,4,0,8
dramatically,4,4,0,8
archaeological,4,4,0,8
given,4,4,0,8
curaçao,4,4,0,8
greater,4,4,0,8
taken,4,5,-1,9
migrants,4,4,0,8
supported,4,5,-1,9
attempted,4,4,0,8
river,4,4,0,8
unforeseeable,4,4,0,8
1667,4,4,0,8
parts,4,4,0,8
1521,4,5,-1,9
taking,4,4,0,8
plants,4,4,0,8
end,4,4,0,8
long,4,4,0,8
juan,4,5,-1,9
wars,4,4,0,8
late,4,4,0,8
ideas,4,4,0,8
claims,4,4,0,8
located,4,4,0,8
failed,4,5,-1,9
communicable,4,4,0,8
settle,4,4,0,8
conquistadors,4,6,-2,10
map,3,3,0,6
william,3,3,0,6
1680,3,3,0,6
establishment,3,3,0,6
recovering,3,3,0,6
tenochtitlan,3,5,-2,8
northern,3,3,0,6
1898,3,3,0,6
genoese,3,2,1,5
captaincy,3,4,-1,7
18,3,4,-1,7
exploitation,3,3,0,6
conquests,3,3,0,6
swedish,3,3,0,6
guatemala,3,4,-1,7
terra,3,3,0,6
locations,3,3,0,6
societies,3,3,0,6
corte,3,3,0,6
passage,3,3,0,6
2017,3,3,0,6
rica,3,3,0,6
peru,3,3,0,6
mid,3,3,0,6
review,3,4,-1,7
online,3,3,0,6
penn,3,3,0,6
killed,3,4,-1,7
voyage,3,3,0,6
estimates,3,3,0,6
route,3,3,0,6
dont,3,3,0,6
invaded,3,3,0,6
panama,3,3,0,6
policy,3,4,-1,7
republic,3,4,-1,7
internal,3,3,0,6
modern,3,4,-1,7
1654,3,3,0,6
santa,3,3,0,6
empires,3,4,-1,7
vast,3,3,0,6
category,3,3,0,6
1713,3,3,0,6
numbers,3,3,0,6
bahamas,3,3,0,6
order,3,3,0,6
northwest,3,3,0,6
teacher,3,3,0,6
attempts,3,4,-1,7
middle,3,3,0,6
process,3,3,0,6
plate,3,3,0,6
1000,3,3,0,6
non,3,3,0,6
describes,3,3,0,6
especially,3,4,-1,7
colonize,3,3,0,6
preoccupied,3,3,0,6
journeys,3,3,0,6
samuel,3,3,0,6
place,3,3,0,6
amerindian,3,3,0,6
king,3,2,1,5
slowly,3,3,0,6
town,3,4,-1,7
general,3,4,-1,7
1493,3,3,0,6
russian,3,3,0,6
11th,3,1,2,4
1609,3,3,0,6
estimated,3,4,-1,7
tordesillas,3,3,0,6
society,3,4,-1,7
periods,3,3,0,6
christian,3,3,0,6
epidemics,3,3,0,6
93,3,3,0,6
1530s,3,4,-1,7
oldest,3,5,-2,8
international,3,3,0,6
balboa,3,3,0,6
1616,3,3,0,6
rise,3,3,0,6
attempt,3,3,0,6
emperor,3,3,0,6
lived,3,3,0,6
vikings,3,3,0,6
headed,3,3,0,6
10th,3,2,1,5
total,3,3,0,6
differences,3,3,0,6
countries,3,3,0,6
common,3,3,0,6
soon,3,3,0,6
systems,3,3,0,6
explorations,3,3,0,6
trading,3,3,0,6
pp,3,3,0,6
colonizing,3,3,0,6
1535,3,3,0,6
1865,3,3,0,6
centuries,3,4,-1,7
university,3,3,0,6
church,3,3,0,6
gained,3,3,0,6
coasts,3,3,0,6
aground,3,3,0,6
1498,3,2,1,5
1532,3,3,0,6
archeological,3,3,0,6
building,3,4,-1,7
true,3,4,-1,7
smallpox,3,3,0,6
christianization,3,3,0,6
run,3,3,0,6
commercial,3,3,0,6
nueva,3,3,0,6
sugar,3,3,0,6
island,3,4,-1,7
running,3,2,1,5
list,3,3,0,6
right,3,2,1,5
scotia,3,3,0,6
pacific,3,3,0,6
nuevo,3,3,0,6
virgin,3,3,0,6
1689,3,3,0,6
plantations,3,3,0,6
eat,3,3,0,6
sold,3,3,0,6
october,3,4,-1,7
2005,3,3,0,6
coronado,3,4,-1,7
extended,3,3,0,6
incas,3,3,0,6
1700,3,3,0,6
netherland,3,3,0,6
chief,3,4,-1,7
old,3,3,0,6
gold,3,3,0,6
thirteen,3,3,0,6
losses,3,4,-1,7
10,3,3,0,6
joão,3,3,0,6
isthmus,3,3,0,6
ponce,3,4,-1,7
inca,3,4,-1,7
development,3,3,0,6
quakers,3,2,1,5
red,3,4,-1,7
explorers,3,4,-1,7
democratic,3,3,0,6
rich,3,3,0,6
scottish,3,3,0,6
courland,3,4,-1,7
response,3,3,0,6
immigrants,3,3,0,6
costa,3,3,0,6
sporadically,3,3,0,6
2000,3,3,0,6
violent,3,2,1,5
prohibiting,3,3,0,6
dated,3,3,0,6
tried,3,3,0,6
december,3,3,0,6
markets,3,4,-1,7
debate,3,3,0,6
bank,3,3,0,6
naval,3,4,-1,7
africans,3,3,0,6
critical,2,2,0,4
latinized,2,2,0,4
holy,2,3,-1,5
behalf,2,2,0,4
passed,2,2,0,4
1512,2,2,0,4
searching,2,2,0,4
leif,2,2,0,4
deaths,2,3,-1,5
990,2,2,0,4
brutal,2,2,0,4
haiti,2,2,0,4
older,2,2,0,4
sublette,2,4,-2,6
soils,2,2,0,4
primary,2,2,0,4
march,2,2,0,4
antonio,2,2,0,4
22,2,3,-1,5
ruled,2,3,-1,5
1800,2,2,0,4
johnson,2,2,0,4
breed,2,3,-1,5
persecution,2,2,0,4
location,2,2,0,4
imperialism,2,2,0,4
august,2,2,0,4
1628,2,2,0,4
valladolid,2,2,0,4
englishmen,2,2,0,4
carbon,2,2,0,4
incan,2,2,0,4
1745,2,2,0,4
signed,2,2,0,4
1817,2,2,0,4
comparative,2,2,0,4
walcheren,2,2,0,4
incentivized,2,2,0,4
undergo,2,2,0,4
1776,2,2,0,4
suriname,2,2,0,4
production,2,2,0,4
religion,2,3,-1,5
far,2,2,0,4
proven,2,2,0,4
pomeroon,2,2,0,4
salvador,2,2,0,4
domination,2,2,0,4
definitively,2,2,0,4
farther,2,3,-1,5
nation,2,2,0,4
main,2,2,0,4
played,2,3,-1,5
beings,2,2,0,4
carried,2,1,1,3
colonialism,2,2,0,4
smith,2,2,0,4
using,2,3,-1,5
caetera,2,2,0,4
textbook,2,2,0,4
amerigo,2,2,0,4
acemoglu,2,2,0,4
civilizations,2,2,0,4
pope,2,2,0,4
higher,2,2,0,4
conversely,2,2,0,4
india,2,2,0,4
held,2,2,0,4
cabeza,2,3,-1,5
uruguay,2,2,0,4
sweden,2,2,0,4
jews,2,2,0,4
1707,2,2,0,4
1627,2,2,0,4
administration,2,2,0,4
74,2,1,1,3
encouraging,2,3,-1,5
domesticated,2,2,0,4
12,2,2,0,4
prior,2,2,0,4
used,2,2,0,4
britain,2,2,0,4
campaign,2,3,-1,5
union,2,1,1,3
hand,2,2,0,4
scientifically,2,2,0,4
vázquez,2,3,-1,5
accepted,2,2,0,4
immigration,2,2,0,4
earlier,2,2,0,4
laborers,2,2,0,4
broadly,2,2,0,4
labrador,2,2,0,4
numerous,2,2,0,4
fe,2,2,0,4
seen,2,2,0,4
financed,2,2,0,4
1604,2,2,0,4
unesco,2,2,0,4
100,2,3,-1,5
half,2,3,-1,5
cash,2,2,0,4
discovered,2,2,0,4
largest,2,2,0,4
álvar,2,3,-1,5
gave,2,2,0,4
1933,2,2,0,4
essequibo,2,2,0,4
july,2,2,0,4
2010,2,2,0,4
sale,2,3,-1,5
structures,2,2,0,4
conflicts,2,2,0,4
conquistadores,2,2,0,4
daron,2,2,0,4
hernando,2,3,-1,5
demographic,2,2,0,4
unknown,2,2,0,4
valuable,2,3,-1,5
proposed,2,2,0,4
ii,2,3,-1,5
brattahlíð,2,2,0,4
bonaire,2,2,0,4
sex,2,2,0,4
barthélemy,2,2,0,4
chicago,2,4,-2,6
þing,2,2,0,4
high,2,2,0,4
possible,2,2,0,4
path,2,2,0,4
widely,2,2,0,4
working,2,2,0,4
starting,2,1,1,3
redirects,2,2,0,4
miguel,2,2,0,4
1971,2,2,0,4
catholics,2,2,0,4
dependent,2,2,0,4
simon,2,2,0,4
maarten,2,2,0,4
landowning,2,2,0,4
17,2,2,0,4
da,2,3,-1,5
18th,2,2,0,4
erikson,2,2,0,4
press,2,3,-1,5
timeline,2,2,0,4
mahoney,2,2,0,4
remains,2,2,0,4
source,2,2,0,4
aruba,2,2,0,4
vaca,2,3,-1,5
bishop,2,2,0,4
alaska,2,2,0,4
major,2,3,-1,5
wounded,2,3,-1,5
jstor,2,2,0,4
pedro,2,2,0,4
giovanni,2,3,-1,5
like,2,2,0,4
arizona,2,3,-1,5
vol,2,2,0,4
ugandan,2,2,0,4
del,2,2,0,4
commodity,2,3,-1,5
maxima,2,2,0,4
explored,2,1,1,3
version,2,2,0,4
entire,2,2,0,4
1658,2,2,0,4
mendoza,2,2,0,4
1558,2,2,0,4
sailed,2,2,0,4
yucatán,2,2,0,4
tip,2,2,0,4
1860,2,2,0,4
linked,2,2,0,4
histoire,2,2,0,4
saba,2,2,0,4
1978,2,2,0,4
dating,2,2,0,4
inhabitants,2,2,0,4
neighboring,2,2,0,4
álvares,2,2,0,4
puritans,2,2,0,4
california,2,3,-1,5
artifacts,2,2,0,4
notable,2,2,0,4
lasted,2,2,0,4
1520,2,2,0,4
mississippi,2,3,-1,5
1810,2,2,0,4
venezuela,2,3,-1,5
class,2,2,0,4
colorado,2,3,-1,5
contrast,2,2,0,4
enduring,2,2,0,4
genocide,2,3,-1,5
hate,2,2,0,4
white,2,3,-1,5
plata,2,3,-1,5
leadership,2,2,0,4
souls,2,2,0,4
denmark,2,2,0,4
taino,2,2,0,4
1502,2,3,-1,5
act,2,3,-1,5
las,2,2,0,4
believe,2,2,0,4
1670,2,2,0,4
persecuted,2,1,1,3
1777,2,2,0,4
harvard,2,2,0,4
240,2,3,-1,5
riches,2,2,0,4
1630,2,2,0,4
148,2,3,-1,5
densely,2,3,-1,5
1491,2,2,0,4
assemblies,2,2,0,4
1664,2,2,0,4
1524,2,2,0,4
demerara,2,2,0,4
search,2,2,0,4
cause,2,2,0,4
making,2,2,0,4
biggest,2,3,-1,5
competition,2,2,0,4
crossings,2,2,0,4
care,2,2,0,4
1050,2,2,0,4
st,2,2,0,4
efforts,2,2,0,4
junio,2,2,0,4
1497,2,3,-1,5
quarters,2,2,0,4
created,2,2,0,4
job,2,2,0,4
timeframe,2,2,0,4
reconquista,2,2,0,4
parliament,2,2,0,4
1811,2,2,0,4
text,2,2,0,4
poor,2,2,0,4
strong,2,1,1,3
1608,2,2,0,4
books,2,2,0,4
ages,2,2,0,4
develop,2,2,0,4
sacrifice,2,2,0,4
1790,2,3,-1,5
1975,2,2,0,4
missouri,2,3,-1,5
catholic,2,2,0,4
inter,2,2,0,4
ce,2,2,0,4
cracks,2,2,0,4
heritage,2,2,0,4
garðar,2,2,0,4
1567,2,2,0,4
connection,2,2,0,4
17th,2,2,0,4
majority,2,2,0,4
1803,2,2,0,4
just,2,2,0,4
iberian,2,1,1,3
tobago,2,2,0,4
inadvertently,2,2,0,4
measles,2,2,0,4
returned,2,2,0,4
practice,2,2,0,4
pennsylvania,2,2,0,4
mobile,2,2,0,4
today,2,3,-1,5
moctezuma,2,3,-1,5
1542,2,2,0,4
multiple,2,2,0,4
26,2,2,0,4
better,2,2,0,4
smithsonian,2,2,0,4
capital,2,3,-1,5
troops,2,2,0,4
20,2,2,0,4
1625,2,2,0,4
smallholder,2,2,0,4
replaced,2,2,0,4
arrival,2,2,0,4
vespucci,2,2,0,4
1501,2,2,0,4
carolinas,2,3,-1,5
tropics,2,2,0,4
groups,2,2,0,4
gay,2,2,0,4
company,2,2,0,4
cayenne,2,2,0,4
rite,2,2,0,4
1960,2,2,0,4
big,2,2,0,4
exact,2,2,0,4
royal,2,2,0,4
ed,2,2,0,4
addition,2,2,0,4
lack,2,2,0,4
actively,2,3,-1,5
21,2,2,0,4
mainland,2,3,-1,5
cultural,2,2,0,4
verrazzano,2,3,-1,5
catastrophe,2,2,0,4
mortality,2,2,0,4
eliot,2,2,0,4
danish,2,2,0,4
bull,2,2,0,4
leaders,2,2,0,4
1754,2,2,0,4
méxico,2,2,0,4
ultimately,2,1,1,3
believed,2,1,1,3
prevent,2,2,0,4
walled,2,3,-1,5
faced,2,2,0,4
berbice,2,2,0,4
court,2,2,0,4
primarily,2,2,0,4
vasco,2,2,0,4
1770,2,2,0,4
7th,2,2,0,4
forcing,2,3,-1,5
1500,2,2,0,4
example,2,2,0,4
1677,2,2,0,4
continuously,2,4,-2,6
argued,2,3,-1,5
calling,2,3,-1,5
systematic,2,3,-1,5
phase,2,2,0,4
book,2,2,0,4
322,2,2,0,4
dos,2,2,0,4
acadia,2,2,0,4
possessions,2,2,0,4
colonizers,2,2,0,4
landowners,2,2,0,4
bloodiest,2,3,-1,5
introduced,2,2,0,4
waged,2,3,-1,5
churches,2,2,0,4
independence,2,2,0,4
places,2,2,0,4
called,2,2,0,4
organized,2,2,0,4
captives,2,2,0,4
expectancy,2,2,0,4
enslaved,2,2,0,4
junctures,2,2,0,4
establishing,2,2,0,4
1638,2,1,1,3
coffee,2,2,0,4
help,2,2,0,4
fur,2,2,0,4
regions,2,2,0,4
2003,2,3,-1,5
depopulated,2,2,0,4
named,2,2,0,4
inspired,2,2,0,4
cartographers,2,2,0,4
estimate,2,2,0,4
eds,2,2,0,4
1543,2,2,0,4
bois,2,2,0,4
morison,2,2,0,4
robinson,2,2,0,4
collections,2,2,0,4
rapidly,2,2,0,4
sponsor,2,2,0,4
start,2,2,0,4
ownership,2,2,0,4
bases,2,3,-1,5
guns,1,1,0,2
hoped,1,1,0,2
fathers,1,1,0,2
hei,1,1,0,2
1557,1,1,0,2
compete,1,1,0,2
95,1,1,0,2
guyana,1,1,0,2
typhus,1,1,0,2
environment,1,1,0,2
tuscan,1,2,-1,3
martín,1,1,0,2
xii,1,1,0,2
cheaply,1,1,0,2
385,1,1,0,2
involved,1,1,0,2
oky,1,1,0,2
warfare,1,1,0,2
1821,1,1,0,2
venture,1,1,0,2
aboard,1,1,0,2
sagas,1,0,1,1
1801,1,1,0,2
helped,1,1,0,2
question,1,1,0,2
pay,1,1,0,2
pigs,1,1,0,2
nonetheless,1,1,0,2
repression,1,1,0,2
file,1,1,0,2
reconnaissance,1,1,0,2
01,1,1,0,2
paper,1,1,0,2
prisoners,1,1,0,2
boundary,1,1,0,2
argentina,1,1,0,2
eric,1,1,0,2
politics,1,2,-1,3
cabral,1,1,0,2
1991,1,1,0,2
somewhat,1,1,0,2
economy,1,1,0,2
queen,1,1,0,2
plenty,1,1,0,2
result,1,1,0,2
1878,1,1,0,2
icelandic,1,0,1,1
priests,1,1,0,2
influx,1,1,0,2
magnolias,1,1,0,2
eccles,1,1,0,2
ancestry,1,2,-1,3
rolfe,1,1,0,2
determine,1,1,0,2
records,1,1,0,2
steven,1,1,0,2
willing,1,1,0,2
dream,1,1,0,2
handbooks,1,1,0,2
way,1,1,0,2
iberia,1,1,0,2
vulnerable,1,1,0,2
ejenenduueejeeiijjenenenibbean,1,1,0,2
indirectly,1,2,-1,3
mix,1,1,0,2
vfnbchgc,1,1,0,2
colonia,1,1,0,2
venedig,1,2,-1,3
cows,1,1,0,2
icazbalceta,1,1,0,2
thessalonians,1,1,0,2
atrocities,1,1,0,2
advantage,1,1,0,2
monks,1,2,-1,3
lb,1,1,0,2
choc,1,1,0,2
stephen,1,1,0,2
traveling,1,1,0,2
defending,1,1,0,2
rendering,1,1,0,2
1635,1,1,0,2
sped,1,1,0,2
latifundias,1,1,0,2
philip,1,1,0,2
bankrupt,1,1,0,2
dada,1,1,0,2
contratación,1,1,0,2
collected,1,1,0,2
1870,1,1,0,2
pornvikings,1,1,0,2
worth,1,1,0,2
choquette,1,1,0,2
exhibitions,1,1,0,2
goats,1,1,0,2
anybody,1,1,0,2
granting,1,1,0,2
contributing,1,1,0,2
purpose,1,1,0,2
2016,1,2,-1,3
sharing,1,1,0,2
disaster,1,1,0,2
continental,1,2,-1,3
reason,1,1,0,2
subsequently,1,1,0,2
vi,1,1,0,2
678,1,1,0,2
egalitarian,1,1,0,2
foothold,1,1,0,2
original,1,1,0,2
unskilled,1,1,0,2
hgcuthjcguigcgjvhkvhkvhjvjyjgcxfhfu,1,1,0,2
ur,1,1,0,2
arrived,1,1,0,2
declined,1,1,0,2
ill,1,1,0,2
smaller,1,1,0,2
environments,1,1,0,2
perspective,1,1,0,2
2015,1,1,0,2
vizcaya,1,1,0,2
according,1,0,1,1
endowments,1,1,0,2
cult,1,1,0,2
relatively,1,1,0,2
brought,1,1,0,2
commonwealth,1,2,-1,3
knopf,1,1,0,2
reflect,1,1,0,2
codfish,1,1,0,2
internet,1,1,0,2
explores,1,1,0,2
promote,1,1,0,2
granted,1,1,0,2
export,1,1,0,2
role,1,2,-1,3
influenza,1,1,0,2
relized,1,1,0,2
sailors,1,0,1,1
dictionary,1,1,0,2
revived,1,1,0,2
croix,1,1,0,2
mit,1,1,0,2
lies,1,0,1,1
driver,1,1,0,2
frontier,1,1,0,2
1907,1,1,0,2
misconception,1,1,0,2
refuge,1,1,0,2
kristinsson,1,1,0,2
briefly,1,0,1,1
heaven,1,2,-1,3
lows,1,1,0,2
cortes,1,1,0,2
decades,1,1,0,2
nahuatl,1,1,0,2
notably,1,1,0,2
easily,1,1,0,2
1612,1,1,0,2
columbia,1,1,0,2
enacted,1,1,0,2
heartlands,1,2,-1,3
jacques,1,1,0,2
drives,1,1,0,2
foundation,1,1,0,2
ceremonial,1,1,0,2
sent,1,1,0,2
surviving,1,1,0,2
1537,1,1,0,2
household,1,1,0,2
fdadavbdw32321qttr76frgfgfszdxvhcfjggdfdsxvbv,1,1,0,2
2018,1,1,0,2
barbados,1,1,0,2
inequality,1,1,0,2
casa,1,1,0,2
mosaic,1,1,0,2
accessible,1,1,0,2
governing,1,1,0,2
puritan,1,1,0,2
counterparts,1,1,0,2
rupert,1,1,0,2
brandenburg,1,2,-1,3
enormous,1,1,0,2
reino,1,1,0,2
objects,1,1,0,2
algonquian,1,1,0,2
recent,1,1,0,2
germany,1,2,-1,3
social,1,1,0,2
roger,1,1,0,2
beautiful,1,1,0,2
practices,1,1,0,2
supply,1,1,0,2
encounter,1,2,-1,3
antibodies,1,1,0,2
uses,1,1,0,2
subjects,1,1,0,2
survived,1,1,0,2
bibliography,1,1,0,2
colección,1,1,0,2
erik,1,1,0,2
bristol,1,0,1,1
entering,1,1,0,2
alienating,1,1,0,2
daniel,1,1,0,2
36,1,1,0,2
gradually,1,1,0,2
putting,1,1,0,2
needing,1,1,0,2
lasting,1,1,0,2
cities,1,1,0,2
año,1,1,0,2
leyes,1,1,0,2
québec,1,1,0,2
hundreds,1,1,0,2
crossed,1,1,0,2
listen,1,0,1,1
domingue,1,1,0,2
thiijioe,1,1,0,2
permanently,1,1,0,2
lana,1,1,0,2
evangelization,1,1,0,2
concept,1,1,0,2
dec,1,1,0,2
det,1,1,0,2
switched,1,1,0,2
primitive,1,1,0,2
housing,1,1,0,2
granada,1,1,0,2
polish,1,2,-1,3
joaquín,1,1,0,2
view,1,1,0,2
extremely,1,1,0,2
visual,1,1,0,2
continuous,1,2,-1,3
indiens,1,1,0,2
sida,1,1,0,2
missions,1,1,0,2
workers,1,1,0,2
peninsula,1,1,0,2
gravity,1,1,0,2
expand,1,1,0,2
tremendously,1,1,0,2
nearly,1,1,0,2
survival,1,1,0,2
unable,1,1,0,2
equinoctial,1,1,0,2
ciudad,1,1,0,2
2001,1,1,0,2
bra,1,1,0,2
1499,1,1,0,2
quinientos,1,1,0,2
drugs,1,1,0,2
second,1,1,0,2
56,1,1,0,2
comprising,1,1,0,2
christians,1,1,0,2
effort,1,1,0,2
shores,1,0,1,1
il,1,2,-1,3
vickers,1,1,0,2
1546,1,1,0,2
force,1,1,0,2
epidemic,1,1,0,2
disambiguation,1,1,0,2
historia,1,1,0,2
lavrador,1,1,0,2
possessed,1,1,0,2
exploit,1,1,0,2
formed,1,1,0,2
action,1,1,0,2
priest,1,1,0,2
guys,1,1,0,2
repartimientos,1,1,0,2
climates,1,1,0,2
fuxufifydihjdtsufkchxufkbkcj,1,1,0,2
naming,1,1,0,2
abandoning,1,0,1,1
unlikely,1,1,0,2
1600,1,1,0,2
bandeirantes,1,1,0,2
numbering,1,1,0,2
allotted,1,1,0,2
museum,1,1,0,2
simply,1,1,0,2
births,1,1,0,2
documentos,1,1,0,2
kissing,1,1,0,2
1629,1,1,0,2
argüelles,1,1,0,2
religions,1,1,0,2
title,1,1,0,2
caballeros,1,1,0,2
plummeted,1,1,0,2
tightly,1,1,0,2
quenpi,1,1,0,2
increase,1,1,0,2
decline,1,1,0,2
fail,1,0,1,1
unganda,1,1,0,2
disputed,1,1,0,2
weak,1,1,0,2
1934,1,1,0,2
watch,1,1,0,2
guadeloupe,1,1,0,2
purify,1,1,0,2
dowry,1,1,0,2
equalized,1,1,0,2
unity,1,1,0,2
davis,1,1,0,2
overwhelming,1,1,0,2
rose,1,1,0,2
invasions,1,1,0,2
65,1,1,0,2
79,1,1,0,2
mary,1,1,0,2
ultimate,1,1,0,2
area,1,1,0,2
1714,1,1,0,2
images,1,1,0,2
wifes,1,1,0,2
largely,1,1,0,2
loudly,1,1,0,2
level,1,1,0,2
hhhhjjthe,1,1,0,2
burgos,1,1,0,2
weaker,1,1,0,2
external,1,1,0,2
encomenderos,1,1,0,2
grxgxrfhjgjyvjhcghgcccccvvvvvvvvvvvvvvvvvvvvvvvvvvvvvvvvvvvvvvvvvvvvvvvvvvvvvvvvvvvvvvvvvvvvvvfff,1,1,0,2
best,1,1,0,2
le,1,1,0,2
1450,1,1,0,2
quinto,1,1,0,2
buttt,1,1,0,2
fernandes,1,1,0,2
40,1,1,0,2
nuestro,1,1,0,2
doter,1,1,0,2
31,1,1,0,2
proposes,1,1,0,2
russia,1,1,0,2
arguing,1,1,0,2
agriculture,1,1,0,2
florentine,1,1,0,2
campos,1,1,0,2
latin,1,1,0,2
incapable,1,1,0,2
ease,1,1,0,2
hinderaker,1,1,0,2
124,1,1,0,2
1997,1,1,0,2
explanations,1,1,0,2
1917,1,1,0,2
scam,1,0,1,1
champlain,1,1,0,2
1717,1,1,0,2
close,1,1,0,2
pontifex,1,1,0,2
1809,1,1,0,2
bubble,1,1,0,2
199,1,1,0,2
thanak,1,1,0,2
invading,1,1,0,2
1523,1,1,0,2
chesapeake,1,1,0,2
sustaining,1,1,0,2
manyeuisieeii,1,1,0,2
progressively,1,1,0,2
herbert,1,1,0,2
engraving,1,0,1,1
alliances,1,1,0,2
behrendt,1,1,0,2
1791,1,1,0,2
google,1,1,0,2
homelands,1,1,0,2
cope,1,2,-1,3
leslie,1,1,0,2
1750,1,1,0,2
kingdoms,1,1,0,2
institute,1,1,0,2
times,1,1,0,2
writing,1,1,0,2
endow,1,1,0,2
resources,1,1,0,2
towns,1,1,0,2
addenda,1,1,0,2
residual,1,1,0,2
extinction,1,1,0,2
trhis,1,1,0,2
nowleagethe,1,0,1,1
rites,1,1,0,2
000includes,1,1,0,2
exponentially,1,1,0,2
1953,1,1,0,2
formation,1,1,0,2
1642,1,1,0,2
quite,1,1,0,2
richardson,1,1,0,2
certain,1,1,0,2
dunm,1,1,0,2
christianity,1,1,0,2
computers,1,1,0,2
accounted,1,1,0,2
sought,1,1,0,2
lacked,1,1,0,2
swiss,1,1,0,2
engaged,1,2,-1,3
entered,1,1,0,2
geographic,1,1,0,2
noviembre,1,1,0,2
1600s,1,1,0,2
distinct,1,1,0,2
ordenanzas,1,1,0,2
fierce,1,1,0,2
meso,1,2,-1,3
plan,1,1,0,2
gante,1,1,0,2
rights,1,1,0,2
members,1,1,0,2
frame,1,1,0,2
confusing,1,1,0,2
meeeeeeeeeeeeeeeee,1,1,0,2
sides,1,1,0,2
1510,1,2,-1,3
selling,1,1,0,2
living,1,1,0,2
hit,1,1,0,2
immigrate,1,1,0,2
cost,1,1,0,2
state,1,1,0,2
economically,1,1,0,2
eleventh,1,1,0,2
armstrong,1,1,0,2
lure,1,1,0,2
bombing,1,1,0,2
april,1,1,0,2
make,1,1,0,2
1560s,1,1,0,2
equipping,1,1,0,2
handbook,1,1,0,2
friars,1,0,1,1
1682,1,1,0,2
bargaining,1,1,0,2
officers,1,1,0,2
schwartz,1,1,0,2
types,1,1,0,2
documents,1,1,0,2
completely,1,1,0,2
organization,1,1,0,2
tended,1,1,0,2
conquer,1,1,0,2
links,1,1,0,2
problems,1,1,0,2
needed,1,1,0,2
jamaica,1,1,0,2
series,1,1,0,2
resulted,1,1,0,2
offshoot,1,1,0,2
unquestionably,1,1,0,2
looking,1,1,0,2
women,1,1,0,2
richmond,1,1,0,2
nineteenth,1,1,0,2
extent,1,1,0,2
nahua,1,1,0,2
1618,1,1,0,2
1799,1,1,0,2
come,1,1,0,2
companies,1,1,0,2
economies,1,1,0,2
nearing,1,1,0,2
capitalizing,1,1,0,2
outperforming,1,1,0,2
richer,1,1,0,2
sources,1,1,0,2
1820,1,1,0,2
michael,1,1,0,2
adapt,1,1,0,2
miller,1,1,0,2
2011,1,1,0,2
parry,1,1,0,2
fagundes,1,1,0,2
latvia,1,2,-1,3
outbreaks,1,1,0,2
rio,1,1,0,2
museums,1,1,0,2
algarves,1,1,0,2
cervantes,1,1,0,2
tactics,1,1,0,2
farmers,1,1,0,2
germs,1,1,0,2
1696,1,1,0,2
overseas,1,1,0,2
constance,1,2,-1,3
garcía,1,1,0,2
depopulation,1,1,0,2
seven,1,1,0,2
divine,1,0,1,1
dem,1,1,0,2
aid,1,1,0,2
reestablished,1,1,0,2
increased,1,1,0,2
mayo,1,1,0,2
1699,1,1,0,2
low,1,1,0,2
horse,1,1,0,2
cruz,1,1,0,2
expected,1,1,0,2
bolton,1,1,0,2
contrary,1,1,0,2
californias,1,1,0,2
rebecca,1,1,0,2
silver,1,1,0,2
cumaná,1,2,-1,3
excavations,1,1,0,2
adjoining,1,1,0,2
contrarily,1,1,0,2
1931,1,1,0,2
472,1,1,0,2
franciscans,1,1,0,2
1619,1,1,0,2
sobecki,1,1,0,2
stuart,1,1,0,2
banker,1,1,0,2
448,1,1,0,2
attractive,1,1,0,2
patricia,1,2,-1,3
986,1,1,0,2
derided,1,1,0,2
attract,1,1,0,2
recount,1,1,0,2
caution,1,1,0,2
exposed,1,1,0,2
xvii,1,1,0,2
recognized,1,1,0,2
impact,1,1,0,2
bloody,1,1,0,2
vary,1,1,0,2
ancient,1,1,0,2
industry,1,2,-1,3
histories,1,1,0,2
remained,1,1,0,2
status,1,1,0,2
1771,1,1,0,2
taxation,1,1,0,2
hello,1,1,0,2
unpaid,1,1,0,2
1824,1,1,0,2
massachusetts,1,1,0,2
des,1,1,0,2
martin,1,1,0,2
sixteenth,1,1,0,2
concentrated,1,1,0,2
20th,1,1,0,2
aimed,1,1,0,2
arrangements,1,1,0,2
fray,1,1,0,2
laborer,1,1,0,2
yielded,1,1,0,2
teenagers,1,1,0,2
1614,1,1,0,2
stuarts,1,1,0,2
1659,1,1,0,2
clockwise,1,2,-1,3
destroyed,1,1,0,2
1534,1,1,0,2
race,1,1,0,2
395,1,1,0,2
jack,1,1,0,2
loads,1,1,0,2
hope,1,1,0,2
horn,1,1,0,2
romanus,1,1,0,2
klein,1,2,-1,3
opened,1,1,0,2
sepúlveda,1,1,0,2
boodie,1,1,0,2
swept,1,1,0,2
subsequent,1,1,0,2
ned,1,2,-1,3
thing,1,1,0,2
1555,1,1,0,2
nacimiento,1,1,0,2
turkey,1,1,0,2
regarding,1,1,0,2
liberal,1,1,0,2
clung,1,1,0,2
1536,1,1,0,2
anglo,1,2,-1,3
biblical,1,1,0,2
maps,1,1,0,2
wages,1,1,0,2
oklahoma,1,1,0,2
38,1,1,0,2
orders,1,1,0,2
tobacco,1,1,0,2
hostile,1,1,0,2
existing,1,1,0,2
schools,1,1,0,2
cuarenta,1,1,0,2
attacks,1,1,0,2
1587,1,1,0,2
need,1,1,0,2
fifth,1,1,0,2
guaraní,1,1,0,2
1589,1,1,0,2
protestants,1,1,0,2
handled,1,1,0,2
para,1,1,0,2
collapsed,1,1,0,2
doges,1,1,0,2
ginger,1,1,0,2
giving,1,1,0,2
cases,1,1,0,2
claiming,1,1,0,2
1632,1,1,0,2
thousands,1,1,0,2
studies,1,1,0,2
prompted,1,1,0,2
traditions,1,1,0,2
galicia,1,1,0,2
presbyterians,1,1,0,2
1804,1,1,0,2
confused,1,1,0,2
432,1,1,0,2
veinte,1,1,0,2
1784,1,1,0,2
kbu,1,1,0,2
northwestern,1,1,0,2
gum,1,1,0,2
substitute,1,1,0,2
author,1,1,0,2
crop,1,1,0,2
circa,1,0,1,1
highly,1,1,0,2
1988,1,1,0,2
depicting,1,1,0,2
sublimis,1,1,0,2
9s2uzr47m,1,1,0,2
constituted,1,1,0,2
determinant,1,1,0,2
bugged,1,1,0,2
powhatan,1,1,0,2
597,1,1,0,2
customs,1,1,0,2
freedom,1,1,0,2
preservation,1,1,0,2
diverse,1,1,0,2
gallery,1,1,0,2
different,1,1,0,2
conditions,1,1,0,2
thomas,1,2,-1,3
wanna,1,1,0,2
limiting,1,1,0,2
institutional,1,1,0,2
coerced,1,1,0,2
vaz,1,1,0,2
obtain,1,1,0,2
05,1,1,0,2
capturers,1,1,0,2
provided,1,1,0,2
1705,1,1,0,2
iuytfyghfkuytfgjhcvgbgjvfctghvfmjyhcg,1,1,0,2
sarson,1,1,0,2
expanded,1,1,0,2
profitable,1,1,0,2
commonly,1,1,0,2
populated,1,2,-1,3
27,1,1,0,2
ports,1,1,0,2
sunflowers,1,1,0,2
andean,1,2,-1,3
strategic,1,1,0,2
1494,1,1,0,2
information,1,1,0,2
dun,1,1,0,2
protestant,1,1,0,2
chronological,1,1,0,2
justified,1,1,0,2
terms,1,1,0,2
collecting,1,1,0,2
welcomed,1,1,0,2
divided,1,1,0,2
weapons,1,1,0,2
sebastian,1,1,0,2
com,1,1,0,2
1st,1,1,0,2
immediately,1,1,0,2
1686,1,1,0,2
fifteenth,1,1,0,2
renegades,1,1,0,2
harold,1,1,0,2
significant,1,1,0,2
prevalent,1,1,0,2
starving,1,1,0,2
considerably,1,1,0,2
63,1,1,0,2
threat,1,1,0,2
233,1,1,0,2
alleged,1,1,0,2
manufactures,1,1,0,2
overall,1,1,0,2
anabaptists,1,1,0,2
collect,1,1,0,2
shall,1,1,0,2
lmao,1,1,0,2
vásquez,1,1,0,2
massive,1,1,0,2
recently,1,1,0,2
attending,1,1,0,2
religiously,1,1,0,2
closed,1,1,0,2
1969,1,1,0,2
traveled,1,1,0,2
effectively,1,1,0,2
home,1,1,0,2
endowment,1,1,0,2
francis,1,1,0,2
planning,1,1,0,2
ernst,1,2,-1,3
import,1,1,0,2
démographique,1,1,0,2
finished,1,1,0,2
skills,1,1,0,2
appears,1,1,0,2
bernard,1,1,0,2
conquering,1,1,0,2
authorities,1,1,0,2
pizzaro,1,1,0,2
ducks,1,1,0,2
owed,1,1,0,2
sheep,1,1,0,2
1998,1,1,0,2
kristinsson2010,1,1,0,2
quarterly,1,1,0,2
cisplatina,1,1,0,2
dumb,1,0,1,1
gunpowder,1,1,0,2
jpg,1,1,0,2
años,1,1,0,2
frenchmen,1,1,0,2
currently,1,1,0,2
51,1,1,0,2
regard,1,1,0,2
mennonites,1,1,0,2
issued,1,1,0,2
thanks,1,1,0,2
institution,1,1,0,2
secondary,1,2,-1,3
father,1,1,0,2
chilies,1,1,0,2
elites,1,1,0,2
important,1,1,0,2
ran,1,2,-1,3
notion,1,0,1,1
info,1,0,1,1
militarized,1,1,0,2
hanauisch,1,2,-1,3
professor,1,1,0,2
broke,1,1,0,2
portion,1,1,0,2
fact,1,1,0,2
iiu,1,1,0,2
compiled,1,1,0,2
santervás,1,1,0,2
factors,1,1,0,2
term,1,1,0,2
moment,1,1,0,2
castas,1,1,0,2
literacy,1,1,0,2
du,1,1,0,2
norms,1,1,0,2
1793,1,1,0,2
shut,1,1,0,2
research,1,1,0,2
pagan,1,1,0,2
traded,1,1,0,2
400th,1,1,0,2
fated,1,1,0,2
amish,1,1,0,2
model,1,1,0,2
establish,1,1,0,2
pirates,1,1,0,2
rarely,1,1,0,2
burned,1,1,0,2
1517,1,1,0,2
oxford,1,1,0,2
allow,1,1,0,2
xd,1,1,0,2
1518,1,1,0,2
mention,1,0,1,1
policies,1,1,0,2
doted,1,1,0,2
acquire,1,1,0,2
colombia,1,1,0,2
chartered,1,1,0,2
told,1,1,0,2
aided,1,1,0,2
key,1,2,-1,3
ingen,1,1,0,2
good,1,1,0,2
16,1,1,0,2
reconquest,1,1,0,2
baptists,1,1,0,2
ont,1,1,0,2
apart,1,1,0,2
replenished,1,1,0,2
1525,1,1,0,2
duverger,1,1,0,2
favorable,1,1,0,2
novel,1,0,1,1
1615,1,1,0,2
1813,1,1,0,2
sauq,1,1,0,2
potato,1,1,0,2
1655,1,1,0,2
origins,1,1,0,2
taught,1,1,0,2
exploitable,1,1,0,2
papal,1,1,0,2
vhs,1,1,0,2
editing,1,1,0,2
prohibited,1,1,0,2
alliance,1,1,0,2
tradition,1,1,0,2
served,1,1,0,2
1983,1,1,0,2
starkey,1,1,0,2
exaggerated,1,1,0,2
vice,1,1,0,2
douglas,1,1,0,2
600,1,1,0,2
excesses,1,1,0,2
initial,1,1,0,2
axel,1,1,0,2
evolution,1,1,0,2
rebelled,1,1,0,2
capturing,1,1,0,2
commemorates,1,1,0,2
bob,1,1,0,2
drawing,1,1,0,2
al,1,1,0,2
lawrence,1,1,0,2
canadian,1,1,0,2
1822,1,1,0,2
cartier,1,1,0,2
sacramento,1,1,0,2
dominion,1,1,0,2
property,1,1,0,2
1761,1,1,0,2
painting,1,1,0,2
china,1,1,0,2
census,1,1,0,2
killing,1,1,0,2
vols,1,1,0,2
experienced,1,1,0,2
sects,1,1,0,2
cabrera,1,1,0,2
continually,1,1,0,2
cut,1,1,0,2
1585,1,1,0,2
accredited,1,1,0,2
partly,1,0,1,1
continentsconquistador,1,1,0,2
particularly,1,1,0,2
2009,1,1,0,2
daughter,1,1,0,2
settler,1,1,0,2
ical,1,1,0,2
principle,1,1,0,2
independentist,1,1,0,2
rare,1,1,0,2
moravians,1,1,0,2
honduras,1,1,0,2
liked,1,1,0,2
wealthy,1,1,0,2
180px,1,2,-1,3
argue,1,1,0,2
government,1,1,0,2
stemmed,1,1,0,2
sites,1,1,0,2
immediate,1,1,0,2
migration,1,1,0,2
peopling,1,1,0,2
1680s,1,1,0,2
devastating,1,1,0,2
africa,1,1,0,2
105,1,1,0,2
journeyed,1,2,-1,3
awakens,1,0,1,1
focus,1,1,0,2
hi,1,1,0,2
worship,1,1,0,2
argentinian,1,1,0,2
är,1,1,0,2
greene,1,1,0,2
shelter,1,1,0,2
instability,1,1,0,2
lutherans,1,1,0,2
gun,1,1,0,2
epic,1,1,0,2
cooperation,1,1,0,2
diphtheria,1,1,0,2
anglicans,1,1,0,2
contours,1,1,0,2
tadman,1,1,0,2
muslim,1,1,0,2
carolina,1,1,0,2
belize,1,1,0,2
nicolás,1,1,0,2
enslave,1,1,0,2
siege,1,2,-1,3
movement,1,1,0,2
stricter,1,1,0,2
quechua,1,1,0,2
school,1,1,0,2
deus,1,1,0,2
faith,1,1,0,2
tony,1,1,0,2
1690s,1,1,0,2
días,1,1,0,2
demand,1,1,0,2
final,1,1,0,2
ginés,1,1,0,2
security,1,1,0,2
egerton,1,1,0,2
despair,1,1,0,2
fertile,1,1,0,2
sweg,1,1,0,2
equal,1,1,0,2
discoveries,1,1,0,2
cite,1,1,0,2
case,1,1,0,2
armourhello,1,1,0,2
landing,1,1,0,2
horses,1,1,0,2
lhjjjjvdescribes,1,1,0,2
treatment,1,1,0,2
plague,1,1,0,2
id,1,1,0,2
1675,1,1,0,2
notes,1,1,0,2
originally,1,1,0,2
improve,1,1,0,2
crops,1,1,0,2
revelations,1,1,0,2
alexander,1,1,0,2
settlemente,1,1,0,2
choices,1,1,0,2
succeeded,1,1,0,2
ovando,1,1,0,2
maryland,1,1,0,2
promoting,1,1,0,2
peasants,1,1,0,2
île,1,1,0,2
chance,1,1,0,2
boi,1,1,0,2
1982,1,1,0,2
belonged,1,1,0,2
1611,1,1,0,2
butt,1,1,0,2
clothing,1,1,0,2
alcáçovas,1,1,0,2
waves,1,1,0,2
imposed,1,1,0,2
traders,1,1,0,2
size,1,1,0,2
reward,1,1,0,2
support,1,1,0,2
cove,1,1,0,2
navigators,1,1,0,2
little,1,1,0,2
chronology,1,1,0,2
stock,1,1,0,2
thev,1,1,0,2
en,1,1,0,2
bullhe,1,1,0,2
deadlier,1,1,0,2
casas,1,1,0,2
nfld,1,1,0,2
bartolomé,1,1,0,2
gaspar,1,1,0,2
inuit,1,1,0,2
combat,1,2,-1,3
breeding,1,2,-1,3
suggested,1,1,0,2
nationalities,1,0,1,1
alcántara,1,1,0,2
operated,1,1,0,2
provisions,1,1,0,2
thornton,1,1,0,2
chile,1,1,0,2
customarily,1,1,0,2
styrofoam,1,1,0,2
returns,1,1,0,2
80,1,1,0,2
fostered,1,1,0,2
discoverer,1,1,0,2
legislation,1,1,0,2
dahlias,1,1,0,2
dedicated,1,1,0,2
having,1,1,0,2
potential,1,1,0,2
profound,1,1,0,2
lithuanian,1,2,-1,3
indien,1,2,-1,3
reaching,1,1,0,2
1620,1,1,0,2
conflict,1,1,0,2
lifestyle,1,1,0,2
dogs,1,1,0,2
acute,1,1,0,2
thälmann,1,2,-1,3
quantities,1,1,0,2
philosopher,1,1,0,2
49,1,2,-1,3
wife,1,1,0,2
medical,1,1,0,2
substantial,1,1,0,2
mann,1,1,0,2
coercive,1,1,0,2
doomed,1,1,0,2
historiographies,1,1,0,2
failure,1,1,0,2
increasingly,1,1,0,2
vagina,1,1,0,2
1867,1,1,0,2
bailyn,1,1,0,2
et,1,1,0,2
taxes,1,1,0,2
dano,1,1,0,2
mes,1,1,0,2
equality,1,1,0,2
unequal,1,1,0,2
atahulapa,1,1,0,2
curb,1,1,0,2
1622,1,1,0,2
espagnols,1,1,0,2
189,1,1,0,2
interview,1,1,0,2
georgia,1,2,-1,3
mixed,1,1,0,2
1701,1,1,0,2
produce,1,1,0,2
agricultural,1,1,0,2
communities,1,1,0,2
die,1,1,0,2
benedictine,1,1,0,2
posts,1,1,0,2
activity,1,1,0,2
encomienda,1,1,0,2
barcelona,1,1,0,2
fundamental,1,1,0,2
reformation,1,1,0,2
1684,1,1,0,2
devastation,1,2,-1,3
dote,1,1,0,2
vistas,1,1,0,2
mainlands,1,1,0,2
twice,1,1,0,2
sailing,1,0,1,1
stick,1,1,0,2
variations,1,1,0,2
extensive,1,1,0,2
distressing,1,1,0,2
getting,1,1,0,2
presented,1,1,0,2
display,1,1,0,2
fowl,1,1,0,2
ratified,1,1,0,2
1504,1,1,0,2
sovereignty,1,1,0,2
1544,1,1,0,2
cheap,1,1,0,2
visited,1,1,0,2
hierarchies,1,1,0,2
suffering,1,1,0,2
ehess,1,1,0,2
67,1,1,0,2
related,1,1,0,2
90,1,1,0,2
profoundly,1,1,0,2
believer,1,0,1,1
tlaxcala,1,1,0,2
flocked,1,1,0,2
circumstances,1,1,0,2
mulatta,1,1,0,2
landmasters,1,1,0,2
bronze,1,1,0,2
cristopher,1,1,0,2
malta,1,1,0,2
territory,1,1,0,2
1662,1,1,0,2
santander,1,1,0,2
brocklehurst,1,1,0,2
budget,1,1,0,2
convince,1,1,0,2
reforms,1,1,0,2
modernity,1,1,0,2
1520s,1,1,0,2
perspectives,1,1,0,2
resistance,1,1,0,2
bigelow,1,1,0,2
ghana,1,1,0,2
bannon,1,1,0,2
codex,1,1,0,2
axtell,1,1,0,2
1698,1,1,0,2
expansions,1,1,0,2
economists,1,1,0,2
subsistence,1,1,0,2
strictly,1,1,0,2
legal,1,1,0,2
accompanied,1,1,0,2
civilisations,1,1,0,2
debates,1,1,0,2
rum,1,1,0,2
raised,1,1,0,2
powerful,1,1,0,2
1531,1,1,0,2
creating,1,1,0,2
bacalhaus,1,1,0,2
calvinists,1,1,0,2
authoritarian,1,1,0,2
precision,1,1,0,2
leaving,1,1,0,2
treasure,1,1,0,2
companion,1,1,0,2
knights,1,1,0,2
1598,1,0,1,1
holdings,1,1,0,2
huguenots,1,1,0,2
war,1,1,0,2
prehistoric,1,1,0,2
edit,1,1,0,2
resolved,1,1,0,2
1930,1,1,0,2
nonconformists,1,1,0,2
stradanus,1,0,1,1
bonomi,1,2,-1,3
2008,1,1,0,2
debt,1,1,0,2
prospects,1,1,0,2
finding,1,1,0,2
antarctique,1,1,0,2
national,1,1,0,2
hudson,1,1,0,2
diorama,1,1,0,2
chocolate,1,1,0,2
bible,1,0,1,1
christendom,1,1,0,2
centralized,1,1,0,2
applying,1,1,0,2
papers,1,1,0,2
prebble,1,1,0,2
bermuda,1,1,0,2
henry,1,1,0,2
anniversary,1,1,0,2
accompanying,1,1,0,2
extremadura,1,1,0,2
free,1,1,0,2
royale,1,1,0,2
lockhart,1,1,0,2
governmental,1,1,0,2
goods,1,1,0,2
manifestations,1,1,0,2
evangelized,1,1,0,2
1952,1,1,0,2
millions,1,1,0,2
1819,1,1,0,2
requested,1,1,0,2
tribute,1,1,0,2
obtained,1,1,0,2
offensive,1,2,-1,3
farming,1,1,0,2
typically,1,1,0,2
regime,1,1,0,2
el,1,1,0,2
jesucristo,1,1,0,2
1762,1,1,0,2
wrought,1,2,-1,3
reach,1,1,0,2
1400,1,1,0,2
merriman,1,1,0,2
pineapple,1,1,0,2
1888,1,1,0,2
ships,1,1,0,2
14,1,1,0,2
group,1,1,0,2
lighter,1,1,0,2
holes,1,1,0,2
dissenters,1,0,1,1
capitalist,1,1,0,2
maize,1,1,0,2
här,1,1,0,2
sverdrup,1,1,0,2
1871,1,1,0,2
virtual,1,1,0,2
474,0,1,-1,1
